code,name,source,category,section,page_pdf,air_g,energy_kcal,protein_g,fat_g,carb_g,fiber_g,ash_g,calcium_mg,phosphorus_mg,iron_mg,sodium_mg,potassium_mg,copper_mg,zinc_mg,retinol_mcg,beta_carotene_mcg,carotene_total_mcg,thiamin_mg,riboflavin_mg,niacin_mg,vitamin_c_mg,bdd_percent
AR001,"Milled rice, raw",KZGMI-2001,4.1. SEREALIA DAN HASIL OLAHANNYA,single,15,12.0,357,8.4,1.7,77.1,0.2,0.8,147.0,81.0,1.8,27.0,71.0,0.1,0.5,0.0,0.0,0.0,0.2,0.08,2.6,0.0,100.0
AR002,"Milled rice var. Pelita, raw",KZGPI-1990,4.1. SEREALIA DAN HASIL OLAHANNYA,single,15,11.4,369,9.5,1.4,77.1,0.4,0.6,68.0,171.0,1.4,34.0,0.0,0.0,0.0,0.0,0.0,0.0,0.26,0.0,0.0,0.0,100.0
AR003,"Milled rice var. Rojolele, raw",KZGPI-1990,4.1. SEREALIA DAN HASIL OLAHANNYA,single,15,12.0,357,8.4,1.7,77.1,0.2,0.8,147.0,81.0,1.8,34.0,112.9,0.14,0.1,,0.0,80.0,0.2,0.02,1.5,0.0,100.0
AR004,"Black rice, raw",KZGMI-2001,4.1. SEREALIA DAN HASIL OLAHANNYA,single,15,12.9,351,8.0,1.3,76.9,20.1,0.9,6.0,198.0,0.1,15.0,105.0,0.1,1.6,0.0,0.0,0.0,0.21,0.06,0.0,0.0,100.0
AR005,"Yellow corn rice, dried, raw",KZGMI-2001,4.1. SEREALIA DAN HASIL OLAHANNYA,single,15,10.8,358,5.5,0.1,82.7,10.0,0.9,20.0,90.0,1.4,1.0,80.0,0.1,4.1,,641.0,,0.12,0.08,1.0,3.0,100.0
AR006,"White corn rice, dried, raw",KZGMI-2001,4.1. SEREALIA DAN HASIL OLAHANNYA,single,15,22.5,307,4.8,0.1,71.8,10.0,0.8,17.0,78.0,1.2,1.0,70.0,0.1,3.5,,301.0,,0.15,0.07,0.9,0.0,100.0
AR007,"Pounded black glutinous rice, raw",KZGPI-1990,4.1. SEREALIA DAN HASIL OLAHANNYA,single,15,13.7,360,8.0,2.3,74.5,1.0,1.5,10.0,347.0,6.2,11.0,288.0,0.28,2.2,0.0,0.0,0.0,0.24,0.1,2.0,0.0,100.0
AR008,"Pounded white glutinous rice, raw",KZGPI-1990,4.1. SEREALIA DAN HASIL OLAHANNYA,single,15,12.9,361,7.4,0.8,78.4,0.4,0.5,13.0,157.0,3.4,3.0,282.0,0.28,2.2,0.0,0.0,0.0,0.28,0.0,1.4,0.0,100.0
AR009,"Upland rice, raw",KZGMI-2001,4.1. SEREALIA DAN HASIL OLAHANNYA,single,15,9.8,376,7.5,3.8,78.0,5.9,0.9,20.0,110.0,0.8,10.0,70.0,0.1,1.4,0.0,0.0,,0.2,0.2,5.1,0.0,100.0
AR010,"Broken rice, raw",DABM-1964,4.1. SEREALIA DAN HASIL OLAHANNYA,single,15,12.0,362,7.7,4.4,73.0,0.2,0.2,22.0,272.0,3.7,90.0,201.0,0.1,0.5,0.0,0.0,,0.55,0.0,1.9,0.0,100.0
AR011,Parboiled rice,DABM-1964,4.1. SEREALIA DAN HASIL OLAHANNYA,single,15,10.0,353,6.8,0.6,80.0,0.5,2.5,5.0,142.0,0.8,2.0,46.0,0.28,1.0,0.0,0.0,,0.22,0.11,3.4,0.0,100.0
AR012,"Pounded rice, raw",KZGMI-2001,4.1. SEREALIA DAN HASIL OLAHANNYA,single,15,11.5,354,7.8,0.4,79.9,3.8,0.4,3.0,112.0,0.6,5.0,85.0,0.5,1.5,0.0,0.0,,0.25,0.22,5.1,0.0,100.0
AR013,"Pounded red rice, raw",KZGPI-1990,4.1. SEREALIA DAN HASIL OLAHANNYA,single,15,14.6,352,7.3,0.9,76.2,0.8,1.0,15.0,257.0,4.2,10.0,202.0,0.36,1.9,0.0,0.0,0.0,0.34,0.0,3.3,0.0,100.0
AR014,"Sorghum, raw",DABM-1964,4.1. SEREALIA DAN HASIL OLAHANNYA,single,15,11.0,366,11.0,3.3,73.0,1.2,1.7,28.0,287.0,4.4,7.0,249.0,,,0.0,0.0,,0.09,0.14,2.8,0.0,100.0
AR016,"Corn kernels, dried, raw",KZGPI-1990,4.1. SEREALIA DAN HASIL OLAHANNYA,composite,16,11.5,366,9.8,7.3,69.1,2.2,2.4,30.0,538.0,2.3,5.0,79.4,0.1,4.1,,636.0,641.0,0.12,0.12,1.8,3.0,100.0
AR017,"Corn kernels var. Harapan, dried",KZGPI-1990,4.1. SEREALIA DAN HASIL OLAHANNYA,composite,16,11.3,367,6.2,5.1,76.2,2.6,1.2,7.0,354.0,2.8,1.0,79.6,0.1,4.1,,637.0,385.0,0.19,0.08,1.0,0.0,100.0
AR018,"Corn kernels var. Metro, dried",KZGPI-1990,4.1. SEREALIA DAN HASIL OLAHANNYA,composite,16,10.6,368,5.5,4.6,78.0,2.9,1.3,7.0,300.0,2.4,1.0,80.2,0.1,4.1,,642.0,554.0,0.16,0.08,1.0,0.0,100.0
AR019,"Job's tears (adlay millet), raw",DABM-1964,4.1. SEREALIA DAN HASIL OLAHANNYA,composite,16,23.0,324,11.0,4.0,61.0,3.1,1.0,213.0,176.0,11.0,24.0,,0.1,0.4,,,,0.14,0.08,1.8,0.0,90.0
AR020,"Foxtail millet, raw",DABM-1964,4.1. SEREALIA DAN HASIL OLAHANNYA,composite,16,11.9,364,9.7,3.5,73.4,8.2,1.5,28.0,311.0,5.3,7.0,255.1,0.45,1.5,,33.0,,0.33,0.28,4.5,,100.0
AR021,"Upland barnyard millet, raw",DABM-1964,4.1. SEREALIA DAN HASIL OLAHANNYA,composite,16,11.7,350,6.2,1.4,78.2,1.7,2.5,329.0,254.0,5.3,53.0,396.7,0.7,1.6,,33.0,,0.51,0.3,0.7,0.0,100.0
AP001,Cooked white rice,KZGPI-1990,4.1. SEREALIA DAN HASIL OLAHANNYA,composite,16,56.7,180,3.0,0.3,39.8,0.2,0.2,25.0,27.0,0.4,1.0,38.0,0.1,0.6,0.0,0.0,,0.05,0.1,2.6,0.0,100.0
AP002,Steamed rice,OKN-1992,4.1. SEREALIA DAN HASIL OLAHANNYA,composite,16,71.0,120,2.4,0.4,26.0,0.5,0.2,3.0,7.0,0.4,0.0,23.9,0.1,0.4,,0.0,,0.1,0.0,1.4,0.0,100.0
AP003,Fermented rice,KZGMI-2001,4.1. SEREALIA DAN HASIL OLAHANNYA,composite,16,75.5,99,1.7,0.3,22.4,0.0,0.1,4.0,19.0,0.0,26.0,2.0,0.1,0.5,0.0,0.0,0.0,0.0,0.0,0.0,0.0,100.0
AP004,"Rice flour, raw",DABM-1964,4.1. SEREALIA DAN HASIL OLAHANNYA,composite,16,12.0,353,7.0,0.5,80.0,2.4,0.5,5.0,140.0,0.8,5.0,241.0,0.1,0.8,0.0,0.0,0.0,0.12,0.1,1.2,0.0,100.0
AP005,Cooked red rice,KZGPI-1990,4.1. SEREALIA DAN HASIL OLAHANNYA,composite,16,64.0,149,2.8,0.4,32.5,0.3,0.3,6.0,63.0,0.8,5.0,91.4,0.2,0.9,0.0,0.0,0.0,0.06,0.0,1.6,0.0,100.0
AP006,"Rice vermicelli, raw",DABM-1964,4.1. SEREALIA DAN HASIL OLAHANNYA,composite,16,12.9,348,4.7,0.1,82.1,1.2,0.2,6.0,35.0,1.8,12.0,5.0,0.08,0.7,0.0,0.0,0.0,0.0,0.0,0.2,0.0,100.0
AP007,Instant fried rice vermicelli,KZGMS-1993,4.1. SEREALIA DAN HASIL OLAHANNYA,composite,16,9.0,381,6.1,3.9,80.3,,0.7,266.0,151.0,2.9,928.0,,,,58.0,,400.0,0.37,,,0.0,100.0
AP008,"Corn vermicelli, raw",BKP,4.1. SEREALIA DAN HASIL OLAHANNYA,composite,16,11.3,354,0.5,0.3,87.4,3.0,0.5,13.0,111.0,0.6,49.0,1.4,0.4,0.0,,0.0,0.0,0.02,0.02,0.3,0.0,100.0
AP009,Cooked corn rice,BKP,4.1. SEREALIA DAN HASIL OLAHANNYA,composite,16,11.0,357,8.8,0.5,79.5,6.2,0.3,5.0,43.0,0.6,2.0,30.4,0.1,0.3,,0.0,0.0,0.3,0.02,0.1,0.0,100.0
AP010,"Young yellow corn, boiled",KZGPI-1990,4.1. SEREALIA DAN HASIL OLAHANNYA,composite,16,53.2,142,5.0,0.7,30.3,0.8,0.8,5.0,105.0,0.8,5.0,24.3,0.2,0.9,,145.0,225.0,0.15,0.0,0.7,0.0,100.0
AP011,Yellow corn flour,DABM-1964 PANGAN,4.1. SEREALIA DAN HASIL OLAHANNYA,composite,16,12.0,355,9.2,3.9,73.7,7.2,1.2,10.0,256.0,2.4,11.0,24.4,0.23,1.7,,0.0,510.0,0.38,0.02,0.3,,100.0
AP013,White corn flour,DABM-1964,4.1. SEREALIA DAN HASIL OLAHANNYA,composite,17,12.0,355,9.2,3.9,73.7,7.2,1.2,10.0,256.0,2.4,11.0,24.4,0.23,1.7,,0.0,0.0,0.38,0.02,0.3,,100.0
AP014,Glutinous rice cake in woven palm leaves,KZGPI-1990,4.1. SEREALIA DAN HASIL OLAHANNYA,composite,17,52.0,212,4.0,4.6,38.6,0.2,0.9,8.0,46.0,1.0,,,,,0.0,0.0,0.0,0.07,,0.2,0.0,100.0
AP015,"Black glutinous rice, cooked",KZGPI-1990,4.1. SEREALIA DAN HASIL OLAHANNYA,composite,17,56.9,181,4.0,1.2,37.3,0.3,0.6,9.0,144.0,1.7,9.0,18.4,0.1,0.7,0.0,0.0,0.0,0.06,0.0,0.5,0.0,100.0
AP016,Fermented black glutinous rice,KZGPI-1990,4.1. SEREALIA DAN HASIL OLAHANNYA,composite,17,50.2,166,3.8,1.0,34.4,0.3,0.6,8.0,106.0,1.6,5.0,12.0,,,,,0.0,0.02,,,0.0,100.0
AP017,"White glutinous rice, cooked",KZGPI-1990,4.1. SEREALIA DAN HASIL OLAHANNYA,composite,17,60.7,163,3.0,0.4,35.7,0.2,0.2,4.0,55.0,0.7,8.0,16.8,0.1,0.7,0.0,0.0,0.0,0.07,0.0,0.5,0.0,100.0
AP018,Fermented white glutinous rice,KZGPI-1990,4.1. SEREALIA DAN HASIL OLAHANNYA,composite,17,58.9,172,3.0,0.5,37.5,0.6,0.1,6.0,35.0,0.5,1.0,,,,0.0,0.0,0.0,0.04,0.0,0.2,0.0,100.0
AP019,Cornstarch,DABM-1964,4.1. SEREALIA DAN HASIL OLAHANNYA,composite,17,14.0,341,0.3,0.0,85.0,7.0,0.7,20.0,30.0,1.5,6.0,9.0,0.22,1.6,0.0,0.0,0.0,0.0,0.09,1.3,0.0,100.0
AP020,"Macaroni, raw",DABM-1964,4.1. SEREALIA DAN HASIL OLAHANNYA,composite,17,11.7,353,8.7,0.4,78.7,4.9,2.5,20.0,80.0,0.3,5.0,0.0,0.28,1.4,,,0.0,0.1,0.13,2.2,0.0,100.0
AP021,Fresh wet noodles,DABM-1964,4.1. SEREALIA DAN HASIL OLAHANNYA,composite,17,80.0,88,0.6,3.3,14.0,0.1,2.1,14.0,13.0,6.8,63.0,13.5,0.06,0.4,,0.0,,0.0,0.0,0.0,0.0,100.0
AP022,Dried noodles,KZGPI-1990,4.1. SEREALIA DAN HASIL OLAHANNYA,composite,17,10.6,339,10.0,1.7,6.3,0.4,1.4,31.0,143.0,3.9,760.0,83.0,0.29,1.9,,,0.0,0.0,0.08,2.2,0.0,100.0
AP023,Thin rice noodles (misua),KZGPI-1990,4.1. SEREALIA DAN HASIL OLAHANNYA,composite,17,10.0,345,8.5,2.2,78.0,0.5,1.3,52.0,120.0,8.7,3064.0,44.0,0.08,0.0,0.0,0.0,0.0,0.0,0.02,0.2,0.0,100.0
AP024,White bread,DABM-1964,4.1. SEREALIA DAN HASIL OLAHANNYA,composite,17,40.0,248,8.0,1.2,50.0,9.1,0.8,10.0,95.0,1.5,530.0,91.0,0.15,0.9,0.0,0.0,0.0,0.1,0.29,2.4,0.0,100.0
AP025,Wheat flour,KZGPI-1990,4.1. SEREALIA DAN HASIL OLAHANNYA,composite,17,11.8,333,9.0,1.0,77.2,0.3,1.0,22.0,150.0,1.3,2.0,0.0,0.0,2.8,0.0,0.0,0.0,0.1,0.07,1.0,0.0,100.0
AP029,Biscuit,DABM-1964,4.1. SEREALIA DAN HASIL OLAHANNYA,composite,17,2.2,458,6.9,14.4,75.1,2.1,1.4,62.0,87.0,2.7,241.0,20.3,0.16,0.6,0.0,14.0,,0.09,0.15,1.4,0.0,100.0
AP030,Bakpia bean-filled pastry,KZGPI-1990,4.1. SEREALIA DAN HASIL OLAHANNYA,composite,17,38.9,272,8.7,6.7,44.1,0.9,1.6,194.0,117.0,4.5,,,,,,,1392.0,0.31,1.0,2.9,0.0,100.0
AP031,Vegetable fritter (bakwan),KZGPI-1990,4.1. SEREALIA DAN HASIL OLAHANNYA,composite,17,40.5,280,8.2,10.2,39.0,3.4,2.1,204.0,79.0,7.0,,,,,0.0,,0.0,0.08,,,0.0,100.0
AP032,Rice cake in coconut leaves,KZGMI-2001,4.1. SEREALIA DAN HASIL OLAHANNYA,composite,17,52.3,190,3.3,0.3,43.5,3.4,0.6,9.0,0.0,0.4,164.0,84.0,0.2,0.9,,,,0.27,0.02,3.6,,100.0
AP034,Corn and vegetable porridge (batar daan),KZGMI-2001,4.1. SEREALIA DAN HASIL OLAHANNYA,composite,17,75.3,107,2.2,2.2,19.6,,0.7,20.0,30.0,0.6,200.0,90.0,0.1,,,,,0.18,0.02,,,100.0
AP038,Cracked sponge cake,KZGMI-2001,4.1. SEREALIA DAN HASIL OLAHANNYA,composite,18,55.6,197,3.3,4.6,35.6,,0.9,,0.0,0.0,0.0,0.0,,,,,,,0.0,0.0,0.0,100.0
AP039,Fermented rice cake (brem),KZGPI-1990,4.1. SEREALIA DAN HASIL OLAHANNYA,composite,18,37.4,249,3.4,0.4,58.0,0.0,0.9,198.0,86.0,2.0,,,,,0.0,,240.0,0.34,0.0,0.0,0.0,100.0
AP040,Manado mixed vegetable porridge (tinotuan),KZGMI-2001,4.1. SEREALIA DAN HASIL OLAHANNYA,composite,18,80.9,156,2.3,0.2,15.6,8.2,1.0,41.0,20.0,0.4,486.0,164.0,0.3,0.4,,1437.0,,0.1,0.04,,15.0,100.0
AP041,Fermented cassava cake,KZGMI-2001,4.1. SEREALIA DAN HASIL OLAHANNYA,composite,18,32.2,323,4.9,11.5,50.1,1.4,1.4,131.0,83.0,2.6,,,,,26.0,,1872.0,0.38,0.16,0.3,0.0,100.0
AP043,Balinese sweet sticky confection (dodol bali),KZGPI-1990,4.1. SEREALIA DAN HASIL OLAHANNYA,composite,18,26.5,298,3.7,2.1,65.9,0.4,1.8,70.0,76.0,2.5,,,,,0.0,0.0,496.0,0.28,,2.5,0.0,100.0
AP044,Galamai sweet sticky confection,KZGMI-2001,4.1. SEREALIA DAN HASIL OLAHANNYA,composite,18,16.5,348,0.4,3.8,76.1,0.5,1.2,41.0,144.0,2.6,38.0,76.0,0.3,2.1,0.0,0.0,0.0,0.03,0.06,1.8,0.0,100.0
AP045,Ambarella sweet sticky confection (dodol kedondong),KZGPI-1990,4.1. SEREALIA DAN HASIL OLAHANNYA,composite,18,26.4,331,1.9,7.6,63.8,1.0,0.4,90.0,55.0,2.3,,,,,0.0,,408.0,0.11,,0.8,5.0,100.0
AP046,Manadonese sweet sticky confection (dodol manado),KZGMI-2001,4.1. SEREALIA DAN HASIL OLAHANNYA,composite,18,26.1,373,4.3,16.5,51.9,0.4,1.2,41.0,142.0,2.4,35.0,72.0,0.3,2.1,0.0,0.0,0.0,0.04,0.06,2.1,0.0,100.0
AP047,Puffed rice crackers (emping beras),KZGMI-2001,4.1. SEREALIA DAN HASIL OLAHANNYA,composite,18,13.6,403,10.6,2.2,71.7,0.2,1.9,11.0,240.0,0.3,1.0,113.0,0.3,2.4,,,0.0,0.0,0.16,,0.0,100.0
AP048,Glutinous rice ball snack (gemblong),KZGPI-1990,4.1. SEREALIA DAN HASIL OLAHANNYA,composite,18,36.2,274,1.7,5.4,55.5,2.2,1.2,69.0,55.0,3.3,,,,,0.0,0.0,0.0,0.0,,,0.0,100.0
AP049,Fried rice cracker (gendar),KZGPI-1990,4.1. SEREALIA DAN HASIL OLAHANNYA,composite,18,30.4,407,6.4,28.2,32.0,0.1,3.0,216.0,62.0,1.6,,,,,0.0,,184.0,0.16,0.0,0.6,0.0,100.0
AP050,Fried rice crust cracker (intip),KZGPI-1990,4.1. SEREALIA DAN HASIL OLAHANNYA,composite,18,6.5,474,7.6,21.6,62.3,1.2,2.0,323.0,64.0,2.5,0.0,38.0,0.05,0.5,0.0,,200.0,0.25,0.01,0.8,0.0,100.0
AP051,Boiled whole corn kernels (gerontol),KZGPI-1990,4.1. SEREALIA DAN HASIL OLAHANNYA,composite,18,61.7,156,2.7,1.3,33.3,1.0,0.8,51.0,105.0,1.2,,,,,0.0,,162.0,0.08,0.0,0.0,0.0,100.0
AP052,Pressed corn cake (jagung titi),KZGPI-1990,4.1. SEREALIA DAN HASIL OLAHANNYA,composite,18,9.2,374,9.4,2.2,79.1,0.8,0.1,14.0,142.0,2.9,,,9.0,,,,11507.0,0.2,,,,100.0
AP053,Corn snack crackers (japilus),KZGPI-1990,4.1. SEREALIA DAN HASIL OLAHANNYA,composite,18,3.8,500,1.2,25.1,67.3,0.4,2.7,186.0,29.0,4.9,,,,,0.0,,0.0,0.17,0.03,0.4,0.0,100.0
AP055,Corn and bean porridge (kambose),KZGMI-2001,4.1. SEREALIA DAN HASIL OLAHANNYA,composite,18,61.5,164,3.0,2.4,32.6,4.3,0.7,16.0,36.0,0.7,0.0,32.0,0.1,1.6,0.0,256.0,,0.1,0.1,0.4,,100.0
AP056,Corn porridge with coconut (kapusa),KZGMI-2001,4.1. SEREALIA DAN HASIL OLAHANNYA,composite,18,63.5,158,4.4,3.2,27.8,5.3,1.0,79.0,115.0,1.2,104.0,149.0,0.5,1.1,0.0,1374.0,,0.06,0.05,0.1,0.0,100.0
AP058,Pandan glutinous rice ball (klepon),KZGMI-2001 PANGAN,4.1. SEREALIA DAN HASIL OLAHANNYA,composite,18,49.6,215,3.7,3.7,41.8,1.0,1.2,232.0,45.0,3.3,,,,,0.0,,872.0,0.09,0.07,0.2,0.0,100.0
AP062,Sweet coconut sugar topping (koya),KZGMI-2001,4.1. SEREALIA DAN HASIL OLAHANNYA,composite,19,13.2,366,4.2,4.3,77.5,0.8,0.8,153.0,222.0,7.0,,,,,0.0,,,,,,0.0,100.0
AP063,Flavored sweet coconut topping (koya mirasa),KZGMI-2001,4.1. SEREALIA DAN HASIL OLAHANNYA,composite,19,7.2,370,8.0,1.0,82.2,0.4,1.6,83.0,110.0,17.0,,,,,3.0,,144.0,0.19,0.45,2.6,0.0,100.0
AP065,Ali cake,KZGMI-2001,4.1. SEREALIA DAN HASIL OLAHANNYA,composite,19,12.8,440,3.8,18.5,64.5,0.3,0.4,27.0,47.0,2.5,,,,,0.0,,0.0,0.13,0.09,0.0,0.0,100.0
AP068,Ginger cake,KZGPI-1990,4.1. SEREALIA DAN HASIL OLAHANNYA,composite,19,3.7,425,1.6,8.8,84.6,1.2,1.3,155.0,61.0,4.0,,,,,0.0,,0.0,0.2,,,0.0,100.0
AP069,Coconut cake,KZGMI-2001,4.1. SEREALIA DAN HASIL OLAHANNYA,composite,19,3.3,591,5.6,42.1,47.5,,1.5,32.0,180.0,1.6,33.0,443.0,0.5,1.1,,,,,,,,100.0
AP072,Soft sweet potato pudding cake (kue lumpur),KZGMS-1993,4.1. SEREALIA DAN HASIL OLAHANNYA,composite,19,40.1,291,3.6,11.1,44.1,,1.1,96.0,60.0,2.3,,,,,20.0,,400.0,0.24,,,,100.0
AP074,Steamed rice flour cup cake (putu cangkir),KZGPI-1990,4.1. SEREALIA DAN HASIL OLAHANNYA,composite,19,32.6,304,5.3,7.0,54.9,0.9,0.2,18.0,193.0,4.0,,,,,0.0,,0.0,0.06,,,0.0,100.0
AP075,Choux pastry (kue sus),KZGMS-1993,4.1. SEREALIA DAN HASIL OLAHANNYA,composite,19,56.6,221,7.5,10.2,24.8,,0.9,105.0,85.0,2.5,,,,,26.0,,1300.0,0.12,,,0.0,100.0
AP076,Acehnese banana leaf cake (timphan),KZGMI-2001,4.1. SEREALIA DAN HASIL OLAHANNYA,composite,19,43.0,247,2.9,4.2,49.5,,0.4,16.0,107.0,1.8,95.0,56.0,1.3,0.8,,,,0.17,,,,100.0
AP078,Layered spiced cake (lapis legit),KZGPI-1990,4.1. SEREALIA DAN HASIL OLAHANNYA,composite,19,21.3,389,6.6,15.7,55.5,0.5,0.9,16.0,136.0,1.9,,,,,41.0,,1032.0,0.26,0.09,3.0,0.0,100.0
AP079,Glutinous rice cake with coconut and palm sugar (lupis),KZGPI-1990,4.1. SEREALIA DAN HASIL OLAHANNYA,composite,19,61.0,164,1.8,2.1,34.5,0.7,0.6,119.0,31.0,1.5,,,,,0.0,,0.0,0.09,0.0,0.2,0.0,100.0
AP081,Indian-style stuffed pancake (martabak India),KZGMI-2001,4.1. SEREALIA DAN HASIL OLAHANNYA,composite,19,65.8,153,4.5,4.2,24.3,,1.2,14.0,108.0,2.4,240.0,112.0,0.4,0.5,,,,,,,,100.0
AP082,Egyptian-style stuffed pancake (martabak Mesir),KZGMI-2001,4.1. SEREALIA DAN HASIL OLAHANNYA,composite,19,40.2,278,5.1,8.6,45.0,,1.1,49.0,168.0,3.4,193.0,123.0,0.2,0.9,,,,,,,,100.0
AP085,Chicken noodle soup (mie ayam),KZGMS-1993,4.1. SEREALIA DAN HASIL OLAHANNYA,composite,20,78.6,102,6.2,3.9,10.5,,0.8,262.0,51.0,1.8,279.0,,,,39.0,,166.0,0.85,,0.0,0.0,100.0
AP086,Meatball noodle soup (mie bakso),KZGMS-1993,4.1. SEREALIA DAN HASIL OLAHANNYA,composite,20,74.5,114,5.3,3.0,16.4,0.1,0.8,286.0,53.0,1.9,760.0,,,,17.0,,180.0,0.16,,,0.0,100.0
AP087,Noodle soup with coconut broth (mie celon),KZGMI-2001,4.1. SEREALIA DAN HASIL OLAHANNYA,composite,20,75.9,102,3.0,2.1,17.8,,1.2,12.0,84.0,1.4,451.0,112.0,0.1,0.5,0.0,0.0,,0.0,0.0,0.0,0.0,100.0
AP088,Fresh wonton noodle (mie pangsit),KZGMS-1993,4.1. SEREALIA DAN HASIL OLAHANNYA,composite,20,79.2,105,5.9,4.9,9.4,,0.7,208.0,48.0,2.0,530.0,,,,25.0,,620.0,0.46,,,0.0,100.0
AP089,Rich coconut rice (nasi gemuk),KZGMI-2001,4.1. SEREALIA DAN HASIL OLAHANNYA,composite,20,61.4,192,3.8,8.8,24.4,0.7,1.6,15.0,74.0,1.0,355.0,63.0,0.2,1.4,0.0,0.0,,0.19,0.05,2.0,0.0,100.0
AP090,Savory coconut rice (nasi gurih),KZGMI-2001,4.1. SEREALIA DAN HASIL OLAHANNYA,composite,20,60.5,190,4.7,7.5,26.0,0.7,1.3,12.0,62.0,0.8,296.0,52.0,0.2,1.2,0.0,0.0,,0.11,0.06,2.1,0.0,100.0
AP091,Oil-cooked spiced rice (nasi minyak),KZGMI-2001,4.1. SEREALIA DAN HASIL OLAHANNYA,composite,20,53.3,207,3.5,5.0,37.1,0.8,1.1,26.0,100.0,1.5,74.0,174.0,0.2,2.2,0.0,0.0,,0.14,0.07,2.6,0.0,100.0
AP092,Mixed rice with side dishes (nasi rames),KZGMS-1993,4.1. SEREALIA DAN HASIL OLAHANNYA,composite,20,65.8,155,10.3,4.2,19.1,,0.6,239.0,62.0,1.8,265.0,,,,96.0,,3140.0,0.59,,,,100.0
AP093,Special nopia mung bean pastry,KZGPI-1990,4.1. SEREALIA DAN HASIL OLAHANNYA,composite,20,11.5,387,5.3,7.6,74.3,0.3,1.3,903.0,133.0,4.2,,,,,,,512.0,0.17,,,0.0,100.0
AP096,Baked pastry with filling (pastel),KZGMS-1993,4.1. SEREALIA DAN HASIL OLAHANNYA,composite,20,38.3,307,4.5,13.3,42.4,,1.5,296.0,53.0,2.5,,,,,0.0,,5360.0,0.15,,,0.0,100.0
AP097,Glutinous rice (pulut),KZGMI-2001,4.1. SEREALIA DAN HASIL OLAHANNYA,composite,20,49.1,216,2.6,3.1,44.4,,0.8,6.0,70.0,3.8,100.0,22.0,0.4,1.3,0.0,0.0,,0.14,,,,100.0
AP098,Rice parcel in coconut leaf (pundut nasi),KZGMI-2001,4.1. SEREALIA DAN HASIL OLAHANNYA,composite,20,77.8,104,1.9,4.1,15.1,0.4,1.1,26.0,100.0,1.5,74.0,174.0,0.0,0.0,,,,,,,,100.0
AP100,Layered glutinous rice snack (putri selat),KZGMI-2001,4.1. SEREALIA DAN HASIL OLAHANNYA,composite,20,66.6,163,2.2,6.5,23.8,,0.9,72.0,3.0,4.0,6.0,68.0,,,0.0,0.0,,,,,,100.0
AP102,Fried ring-shaped rice crackers (renggi),KZGMI-2001,4.1. SEREALIA DAN HASIL OLAHANNYA,composite,20,8.8,471,4.7,21.8,64.1,6.4,0.6,4.0,80.0,1.1,126.0,29.0,0.9,1.3,0.0,0.0,0.0,0.53,0.05,8.2,0.0,100.0
AP103,Hollow bread roll (roti boong),KZGMI-2001,4.1. SEREALIA DAN HASIL OLAHANNYA,composite,20,34.0,341,5.5,16.2,43.3,,1.0,15.0,65.0,1.1,161.0,41.0,,0.9,,,,0.4,0.3,2.4,0.0,100.0
AP104,Brown-colored bread,DABM-1964,4.1. SEREALIA DAN HASIL OLAHANNYA,composite,20,40.0,249,7.9,1.5,49.7,,0.9,20.0,140.0,2.5,500.0,91.0,,,0.0,0.0,0.0,0.15,,,0.0,100.0
AP105,Pandan custard glutinous rice cake (sarimuka),KZGMI-2001,4.1. SEREALIA DAN HASIL OLAHANNYA,composite,20,61.5,166,2.3,2.8,32.9,,0.5,36.0,13.0,2.0,3.0,34.0,0.0,0.0,,,,,,,,100.0
AP106,Spaghetti,KZGMS-1993 PANGAN,4.1. SEREALIA DAN HASIL OLAHANNYA,composite,20,66.1,139,7.4,2.1,22.6,,2.1,109.0,53.0,4.7,,,,,42.0,,940.0,0.35,,,0.0,100.0
AP109,Shredded rice cake (suwir-suwir),KZGPI-1990,4.1. SEREALIA DAN HASIL OLAHANNYA,composite,21,13.4,347,0.5,0.9,84.2,0.8,1.0,42.0,40.0,4.3,,,,,1.0,,240.0,0.13,,0.9,0.0,100.0
AP110,Roasted rice snack (tipa-tipa),KZGPI-1990,4.1. SEREALIA DAN HASIL OLAHANNYA,composite,21,11.3,355,6.2,1.2,79.8,1.3,1.5,17.0,328.0,1.6,,,,,0.0,0.0,0.0,0.26,0.04,1.5,0.0,100.0
AP111,Palm sugar sticky rice snack (wajit),KZGPI-1990,4.1. SEREALIA DAN HASIL OLAHANNYA,composite,21,27.1,303,6.3,2.7,63.3,6.9,0.6,61.0,302.0,5.5,,,,,0.0,,0.0,0.03,,,0.0,100.0
AP112,Ring-shaped sweet rice cracker (widaran),KZGPI-1990,4.1. SEREALIA DAN HASIL OLAHANNYA,composite,21,7.0,424,1.3,10.7,80.7,0.2,0.3,49.0,88.0,2.5,,,,,21.0,,440.0,0.13,0.2,2.2,0.0,100.0
AP113,Coconut glutinous rice cake (wingko babat),KZGPI-1990,4.1. SEREALIA DAN HASIL OLAHANNYA,composite,21,29.7,355,3.2,15.1,51.4,2.4,0.7,47.0,63.0,1.1,,,,,0.0,,0.0,0.08,0.08,0.0,0.0,100.0
AP114,Glutinous rice sweet candy (yangko),KZGPI-1990,4.1. SEREALIA DAN HASIL OLAHANNYA,composite,21,37.4,254,3.0,1.1,58.1,0.8,0.4,184.0,24.0,2.6,,,,,0.0,,96.0,0.15,,0.0,0.0,100.0
BR002,"Gembili yam, fresh",KZGMI-2001,4.2. UMBI BERPATI DAN HASIL OLAHANNYA,single,23,76.7,76,1.1,0.9,16.0,4.2,0.7,0.0,40.0,0.2,10.0,200.0,0.2,0.3,0.0,0.0,0.0,0.06,0.0,0.9,0.0,85.0
BR003,"Coconut yam, fresh",KZGMI-2001,4.2. UMBI BERPATI DAN HASIL OLAHANNYA,single,23,76.1,89,1.1,0.1,21.0,4.0,0.7,0.0,40.0,0.2,20.0,340.0,0.1,0.2,0.0,0.0,0.0,0.38,0.0,0.9,0.0,85.0
BR004,"Belitung taro, fresh",KZGPI-1990,4.2. UMBI BERPATI DAN HASIL OLAHANNYA,single,23,63.1,145,1.2,0.4,34.2,1.5,1.1,26.0,54.0,1.4,6.0,536.1,0.2,0.9,0.0,0.0,0.0,0.1,0.1,2.3,2.0,85.0
BR005,"Jicama (yam bean), fresh",DABM-1964,4.2. UMBI BERPATI DAN HASIL OLAHANNYA,single,23,85.1,59,1.4,0.2,12.8,1.0,0.5,15.0,18.0,0.6,2.0,244.3,0.1,0.3,,0.0,,0.04,0.1,0.2,20.0,84.0
BR006,"Bentul taro, fresh",KZGPI-1990,4.2. UMBI BERPATI DAN HASIL OLAHANNYA,single,23,75.8,98,1.6,0.7,20.9,0.7,1.8,44.0,66.0,1.5,,195.5,0.2,0.6,0.0,0.0,0.0,0.02,0.1,0.8,0.0,86.0
BR007,"Air potato yam, dried",KZGMI-2001,4.2. UMBI BERPATI DAN HASIL OLAHANNYA,single,23,20.2,322,2.4,0.6,76.6,,0.2,39.0,22.0,2.2,5.0,2.0,0.5,0.2,0.0,0.0,0.0,0.45,0.02,1.0,0.0,100.0
BR008,"Air potato yam, fresh",KZGPI-1990,4.2. UMBI BERPATI DAN HASIL OLAHANNYA,single,23,74.4,100,0.9,0.3,23.5,2.1,0.9,79.0,66.0,0.9,8.0,687.2,0.2,0.2,0.0,0.0,0.0,0.23,0.0,0.5,2.0,85.0
BR009,"Queensland arrowroot (canna), fresh",KZGPI-1990,4.2. UMBI BERPATI DAN HASIL OLAHANNYA,single,23,79.9,77,0.6,0.2,18.4,0.8,0.9,15.0,67.0,1.0,,,,,0.0,0.0,0.0,0.1,,,9.0,65.0
BR010,"Gembili yam tuber, fresh",KZGPI-1990,4.2. UMBI BERPATI DAN HASIL OLAHANNYA,single,23,66.4,131,1.1,0.2,31.3,1.1,1.0,14.0,56.0,0.6,10.0,200.0,0.2,0.3,0.0,0.0,0.0,0.08,0.0,0.9,4.0,85.0
BR011,"Wild yam, fresh",KZGMI-2001,4.2. UMBI BERPATI DAN HASIL OLAHANNYA,single,23,67.9,127,1.2,0.5,29.5,3.4,0.9,30.0,8.0,0.7,3.0,4.0,0.1,0.2,0.0,0.0,0.0,0.3,0.05,0.6,0.0,85.0
BR012,"Kaburan yam, fresh",KZGPI-1990,4.2. UMBI BERPATI DAN HASIL OLAHANNYA,single,23,66.5,133,1.0,0.2,32.2,0.7,0.5,65.0,50.0,0.6,10.0,899.2,0.2,0.2,0.0,0.0,0.0,0.01,0.0,0.3,0.0,81.0
BR013,"Potato, fresh",KZGPI-1990,4.2. UMBI BERPATI DAN HASIL OLAHANNYA,single,23,83.4,62,2.1,0.2,13.5,0.5,0.8,63.0,58.0,0.7,7.0,396.0,0.4,0.3,0.0,0.0,0.0,0.09,0.1,1.0,21.0,85.0
BR014,"Black potato, fresh",DABM-1964,4.2. UMBI BERPATI DAN HASIL OLAHANNYA,single,23,64.0,142,0.9,0.4,33.7,5.4,1.0,34.0,75.0,0.2,22.0,890.3,0.9,0.6,,0.0,,0.02,0.1,2.2,38.0,75.0
BR015,"Keribang yam, fresh",KZGPI-1990,4.2. UMBI BERPATI DAN HASIL OLAHANNYA,single,23,67.0,137,1.3,1.1,29.8,0.6,0.8,45.0,56.0,0.8,10.0,885.8,0.2,0.3,0.0,0.0,0.0,0.0,0.0,0.7,0.0,83.0
BR016,"Cassava, fresh",KZGPI-1990,4.2. UMBI BERPATI DAN HASIL OLAHANNYA,single,23,61.4,154,1.0,0.3,36.8,0.9,0.5,77.0,24.0,1.1,2.0,394.0,0.3,0.4,0.0,0.0,0.0,0.06,0.1,0.5,31.0,85.0
BR017,Grass yam,KZGMI-2001,4.2. UMBI BERPATI DAN HASIL OLAHANNYA,single,23,55.3,181,2.8,1.2,39.8,10.7,0.9,7.0,50.0,3.1,116.0,306.0,1.6,0.9,0.0,0.0,0.0,0.28,0.05,1.5,0.0,85.0
BR018,"Sugar palm sago, dried",KZGPI-1990,4.2. UMBI BERPATI DAN HASIL OLAHANNYA,single,23,11.9,355,0.6,1.1,85.6,0.3,0.8,91.0,167.0,2.2,2.0,200.0,0.0,0.3,,,0.0,0.04,0.1,0.5,0.0,100.0
BR019,"Sugar palm sago, fresh",KZGMI-2001,4.2. UMBI BERPATI DAN HASIL OLAHANNYA,single,23,42.5,231,0.6,0.2,56.6,3.2,0.1,20.0,20.0,0.1,7.0,0.0,0.1,0.1,0.0,,0.0,0.2,0.0,0.0,0.0,100.0
BR020,"Cassava sago, fresh",KZGMI-2001,4.2. UMBI BERPATI DAN HASIL OLAHANNYA,single,23,42.5,230,0.6,0.2,56.5,3.0,0.2,20.0,1.0,0.3,100.0,410.0,0.1,0.2,0.0,0.0,0.0,0.1,0.0,0.0,0.0,100.0
BR022,"Cassava sago, dried",DABM-1964,4.2. UMBI BERPATI DAN HASIL OLAHANNYA,composite,24,12.0,362,0.5,0.3,86.9,,0.3,0.0,0.0,0.0,,,,,,0.0,0.0,0.0,,,0.0,100.0
BR023,"Sente taro, fresh",DABM-1964,4.2. UMBI BERPATI DAN HASIL OLAHANNYA,composite,24,14.0,353,0.7,0.2,84.7,6.6,0.4,11.0,13.0,1.5,30.0,694.6,0.6,2.2,,41.0,,0.05,0.2,2.8,5.0,86.0
BR024,"Elephant foot yam (suweg), fresh",KZGPI-1990,4.2. UMBI BERPATI DAN HASIL OLAHANNYA,composite,24,80.1,74,1.4,0.1,17.2,1.4,1.2,42.0,46.0,1.3,7.0,400.0,0.1,0.1,0.0,24.0,254.0,0.04,0.0,0.4,2.0,86.0
BR025,"Bogor taro, fresh",KZGPI-1990,4.2. UMBI BERPATI DAN HASIL OLAHANNYA,composite,24,72.4,108,1.4,0.4,25.0,0.9,0.8,47.0,67.0,0.7,10.0,448.0,0.2,0.7,0.0,0.0,0.0,0.06,0.07,1.0,4.0,85.0
BR026,"Pontianak taro, fresh",KZGPI-1990,4.2. UMBI BERPATI DAN HASIL OLAHANNYA,composite,24,60.0,163,2.3,0.5,36.4,0.7,0.9,45.0,80.0,1.7,14.0,323.1,0.3,1.0,0.0,0.0,0.0,0.02,0.1,1.3,,83.0
BR027,"Viqueque taro, fresh",KZGMI-2001,4.2. UMBI BERPATI DAN HASIL OLAHANNYA,composite,24,70.6,115,1.8,0.5,25.9,8.6,1.2,50.0,220.0,0.9,1.0,70.0,0.3,1.0,0.0,0.0,0.0,0.08,0.1,0.9,,85.0
BR028,"Yellow sweet potato, fresh",KZGMI-2001,4.2. UMBI BERPATI DAN HASIL OLAHANNYA,composite,24,72.6,119,0.5,0.4,25.1,4.2,1.0,30.0,40.0,0.4,3.0,1.0,0.1,0.2,0.0,794.0,4948.0,0.06,0.07,0.7,21.0,85.0
BR029,"Sweet potato, fresh",KZGPI-1990,4.2. UMBI BERPATI DAN HASIL OLAHANNYA,composite,24,78.4,83,1.5,0.2,18.8,0.6,1.1,27.0,162.0,2.1,52.0,320.7,0.1,0.3,0.0,0.0,0.0,0.02,0.0,0.4,0.0,85.0
BR030,"Red sweet potato, fresh",KZGPI-1990,4.2. UMBI BERPATI DAN HASIL OLAHANNYA,composite,24,61.9,151,1.6,0.3,35.4,0.7,0.6,29.0,74.0,0.7,92.0,565.6,0.3,0.5,0.0,0.0,1208.0,0.13,0.08,0.7,11.0,86.0
BR031,"White sweet potato, fresh",KZGMI-2001,4.2. UMBI BERPATI DAN HASIL OLAHANNYA,composite,24,77.8,88,0.4,0.4,20.6,4.0,0.8,30.0,10.0,0.5,2.0,4.0,0.1,0.2,0.0,13.0,264.0,0.25,0.06,0.5,36.0,86.0
BR032,Purple sweet potato,KZGMI-2001,4.2. UMBI BERPATI DAN HASIL OLAHANNYA,composite,24,72.5,108,0.5,0.4,25.6,4.2,1.0,30.0,40.0,0.5,1.0,1.0,0.1,0.2,0.0,13.0,0.0,0.09,0.06,0.6,24.0,85.0
BR033,"Water yam (uwi), fresh",BKP,4.2. UMBI BERPATI DAN HASIL OLAHANNYA,composite,24,69.7,120,2.8,0.5,82.3,2.6,0.9,9.0,42.0,1.3,12.0,412.0,0.3,0.6,,0.0,0.0,0.02,0.5,0.2,4.0,86.0
BP001,"Coconut yam, grilled",KZGMI-2001,4.2. UMBI BERPATI DAN HASIL OLAHANNYA,composite,24,73.2,110,1.4,1.1,23.4,4.5,0.7,1.0,46.0,0.2,12.0,230.0,0.2,0.3,0.0,0.0,0.0,1.13,0.0,0.0,0.0,85.0
BP002,"Coconut yam, steamed",KZGMI-2001,4.2. UMBI BERPATI DAN HASIL OLAHANNYA,composite,24,75.7,92,1.2,0.3,21.0,4.1,1.8,0.0,42.0,0.2,10.0,209.0,0.2,0.3,0.0,0.0,0.0,0.28,0.0,0.7,0.0,100.0
BP003,"Tali yam, boiled",KZGMI-2001,4.2. UMBI BERPATI DAN HASIL OLAHANNYA,composite,24,53.2,182,2.4,0.4,42.2,9.2,1.8,1.0,80.0,0.3,20.0,402.0,0.3,0.6,0.0,0.0,0.0,0.27,0.0,1.3,0.0,100.0
BP004,"Belitung taro, steamed",KZGPI-1990,4.2. UMBI BERPATI DAN HASIL OLAHANNYA,composite,24,63.1,145,1.2,0.4,34.2,1.0,1.1,21.0,48.0,0.9,7.0,552.6,0.2,0.9,0.0,0.0,0.0,0.08,0.1,2.3,1.0,100.0
BP005,"Bentul taro, steamed",KZGPI-1990 PANGAN,4.2. UMBI BERPATI DAN HASIL OLAHANNYA,composite,24,81.1,71,2.3,0.3,15.4,0.5,0.9,29.0,26.0,0.6,,201.0,0.2,0.6,0.0,0.0,0.0,0.06,0.0,0.0,21.0,100.0
BP007,"Queensland arrowroot, boiled",KZGPI-1990,4.2. UMBI BERPATI DAN HASIL OLAHANNYA,composite,25,74.1,100,0.8,0.2,23.8,0.9,1.1,15.0,65.0,0.9,,,,,0.0,0.0,0.0,0.04,,,6.0,100.0
BP008,"Cassava, steamed",KZGPI-1990,4.2. UMBI BERPATI DAN HASIL OLAHANNYA,composite,25,61.5,153,1.2,0.3,36.4,1.3,0.6,56.0,22.0,0.4,2.0,345.3,0.3,0.1,0.0,0.0,0.0,0.0,0.0,0.3,20.0,100.0
BP009,"Elephant foot yam, steamed",KZGPI-1990,4.2. UMBI BERPATI DAN HASIL OLAHANNYA,composite,25,75.5,93,1.5,0.1,21.9,0.9,1.0,50.0,58.0,0.8,6.0,350.3,0.1,0.1,0.0,0.0,283.0,0.09,0.0,0.3,0.0,100.0
BP010,"Bogor taro, steamed",KZGPI-1990,4.2. UMBI BERPATI DAN HASIL OLAHANNYA,composite,25,69.2,120,1.5,0.3,28.2,0.7,0.8,31.0,63.0,0.7,11.0,498.0,0.2,0.6,0.0,0.0,0.0,0.05,0.6,0.8,2.0,100.0
BP011,"Yellow sweet potato, steamed",KZGPI-1990,4.2. UMBI BERPATI DAN HASIL OLAHANNYA,composite,25,74.2,100,0.7,0.3,23.8,1.0,1.0,44.0,46.0,0.4,3.0,0.8,0.1,0.2,0.0,819.0,4427.0,0.0,0.1,0.6,16.0,100.0
BP012,"Purple sweet potato, steamed",KZGPI-1990,4.2. UMBI BERPATI DAN HASIL OLAHANNYA,composite,25,58.5,165,0.9,0.2,39.8,1.1,0.6,20.0,23.0,0.8,1.0,0.9,0.1,0.2,0.0,0.0,0.0,0.02,0.1,0.5,0.0,100.0
BP013,Salted coconut sago cookie (bagea),KZGMI-2001,4.2. UMBI BERPATI DAN HASIL OLAHANNYA,composite,25,3.5,450,3.2,13.9,78.1,,1.3,38.0,38.0,0.3,74.0,0.0,0.2,0.2,0.0,0.0,0.0,0.3,0.0,0.0,0.0,100.0
BP014,Sweet coconut sago cookie (bagea),KZGMI-2001,4.2. UMBI BERPATI DAN HASIL OLAHANNYA,composite,25,3.0,452,1.3,13.8,80.6,,1.3,38.0,39.0,0.3,75.0,0.0,0.2,0.2,0.0,0.0,0.0,0.0,0.0,0.0,0.0,100.0
BP015,Salted canarium nut sago cookie (bagea kenari),KZGMI-2001,4.2. UMBI BERPATI DAN HASIL OLAHANNYA,composite,25,2.8,529,3.2,29.1,63.6,,1.3,38.0,40.0,0.4,74.0,0.0,0.2,0.2,0.0,0.0,0.0,0.3,0.0,0.0,0.0,100.0
BP016,Sweet canarium nut sago cookie (bagea kenari),KZGMI-2001,4.2. UMBI BERPATI DAN HASIL OLAHANNYA,composite,25,3.1,523,3.2,28.2,64.2,,1.3,38.0,39.0,0.3,74.0,0.0,0.2,0.2,0.0,0.0,0.0,0.3,0.0,0.0,0.0,100.0
BP017,Sago cookie grade 1 (bagea),KZGPI-1990,4.2. UMBI BERPATI DAN HASIL OLAHANNYA,composite,25,7.2,416,6.5,9.4,76.3,0.4,0.6,49.0,77.0,4.9,,,,,13.0,,312.0,0.08,,2.6,0.0,100.0
BP018,Sago cookie grade 2 (bagea),KZGPI-1990,4.2. UMBI BERPATI DAN HASIL OLAHANNYA,composite,25,7.9,382,0.3,3.5,87.2,0.9,1.1,172.0,120.0,7.6,,,,,0.0,0.0,0.0,0.02,,,0.0,100.0
BP019,Fortified smart rice (beras cerdas),BKP,4.2. UMBI BERPATI DAN HASIL OLAHANNYA,composite,25,11.3,350,2.7,1.1,82.3,6.2,2.6,28.0,351.0,2.9,358.0,568.0,0.2,0.9,,0.0,0.0,0.02,0.2,0.3,0.2,100.0
BP020,Queensland arrowroot rice (beras ganyong),BKP,4.2. UMBI BERPATI DAN HASIL OLAHANNYA,composite,25,9.3,364,3.4,0.7,86.3,4.7,0.5,4.0,47.0,5.0,4.0,72.2,0.2,0.6,,1.0,0.0,0.02,0.02,0.3,0.2,100.0
BP021,Siger cassava rice (beras siger),BKP,4.2. UMBI BERPATI DAN HASIL OLAHANNYA,composite,25,13.5,344,1.1,0.2,28.3,5.6,0.7,32.0,22.0,5.6,106.0,77.9,0.1,0.5,,0.0,0.0,0.02,0.1,0.2,0.2,100.0
BP022,Jackfruit seeds or salak seeds,KZGMI-2001,4.2. UMBI BERPATI DAN HASIL OLAHANNYA,composite,25,40.5,262,2.3,5.4,51.1,8.0,0.7,60.0,80.0,0.8,10.0,2.0,0.6,2.0,0.0,1667.0,,0.1,1.0,,10.0,100.0
BP023,Sago porridge (bubur sagu),KZGMI-2001,4.2. UMBI BERPATI DAN HASIL OLAHANNYA,composite,25,62.5,167,0.2,4.0,33.0,,0.3,3.0,3.0,0.1,7.0,0.0,0.1,0.1,0.0,0.0,0.0,9.0,,0.1,0.0,100.0
BP024,Cassava stick snack,KZGPI-1990,4.2. UMBI BERPATI DAN HASIL OLAHANNYA,composite,25,5.6,460,0.8,18.7,71.8,1.6,2.7,144.0,58.0,7.5,,,,,0.0,,107.0,0.19,0.07,0.1,0.0,100.0
BP025,Cassava cake chips (ceriping getuk),KZGPI-1990,4.2. UMBI BERPATI DAN HASIL OLAHANNYA,composite,25,7.2,462,1.2,20.7,67.7,0.6,3.2,1248.0,172.0,8.8,,,,,0.0,,152.0,0.29,0.02,0.5,0.0,100.0
BP026,Dried fermented cassava (gatot),BKP,4.2. UMBI BERPATI DAN HASIL OLAHANNYA,composite,25,12.8,347,1.3,0.7,83.8,5.8,1.4,78.0,44.0,17.1,28.0,242.0,0.2,0.7,,0.0,0.0,0.02,0.1,0.4,0.2,100.0
BP029,Cassava cake (getuk singkong),KZGPI-1990,4.2. UMBI BERPATI DAN HASIL OLAHANNYA,composite,26,49.8,204,0.5,1.4,47.4,0.8,1.1,97.0,52.0,1.5,,,,,0.0,,208.0,0.08,,0.1,0.0,100.0
BP030,Cassava porridge (gurandil),KZGPI-1990,4.2. UMBI BERPATI DAN HASIL OLAHANNYA,composite,26,47.5,218,0.5,2.5,48.5,3.1,1.0,50.0,25.0,2.8,,,,,,,0.0,0.19,,,0.0,100.0
BP031,Sago palm leaf snack (kabuto),KZGMI-2001,4.2. UMBI BERPATI DAN HASIL OLAHANNYA,composite,26,58.9,250,2.6,2.5,35.4,1.8,0.6,35.0,49.0,1.1,2.0,218.0,,,,0.0,0.0,0.1,0.1,0.6,,100.0
BP032,Sago ball soup (kapurung),KZGMI-2001,4.2. UMBI BERPATI DAN HASIL OLAHANNYA,composite,26,79.6,41,2.0,0.3,7.8,2.0,0.6,34.0,12.0,0.3,185.0,566.0,0.1,0.3,0.0,213.0,,0.12,0.25,2.7,15.0,100.0
BP033,Fried cassava crackers,KZGPI-1990,4.2. UMBI BERPATI DAN HASIL OLAHANNYA,composite,26,3.7,464,1.2,18.6,73.0,1.3,3.5,82.0,52.0,3.4,,,,,,,3320.0,0.34,,,0.0,100.0
BP034,Cassava noodle snack (keremes),KZGPI-1990,4.2. UMBI BERPATI DAN HASIL OLAHANNYA,composite,26,6.7,475,1.6,25.2,64.4,2.1,2.1,153.0,88.0,1.0,,,,,0.0,,1000.0,0.0,,,0.0,100.0
BP035,Air potato chips,KZGPI-1990,4.2. UMBI BERPATI DAN HASIL OLAHANNYA,composite,26,4.0,446,2.8,14.5,76.0,1.7,2.8,147.0,52.0,1.9,,,,,0.0,0.0,0.0,0.95,,,0.0,100.0
BP036,Potato chips,KZGMI-2001,4.2. UMBI BERPATI DAN HASIL OLAHANNYA,composite,26,7.8,448,2.7,18.8,67.1,3.8,3.6,25.0,130.0,1.2,712.0,406.0,1.1,,,15.0,,0.1,0.05,2.8,0.0,100.0
BP037,Cassava chips,KZGPI-1990,4.2. UMBI BERPATI DAN HASIL OLAHANNYA,composite,26,4.2,478,0.9,20.7,72.0,2.0,2.2,189.0,101.0,1.9,,,,,0.0,0.0,0.0,0.24,,,0.0,100.0
BP038,Seasoned cassava chips,KZGPI-1990,4.2. UMBI BERPATI DAN HASIL OLAHANNYA,composite,26,2.2,481,2.2,19.7,73.6,1.6,2.3,156.0,103.0,1.6,,,,,0.0,,80.0,0.31,,,0.0,100.0
BP039,Sweet potato chips,KZGMI-2001,4.2. UMBI BERPATI DAN HASIL OLAHANNYA,composite,26,6.0,486,0.2,23.9,67.6,14.3,2.3,68.0,92.0,0.9,52.0,2.0,0.7,2.3,0.0,920.0,,0.1,0.1,0.5,0.0,100.0
BP040,Fried squid crackers,KZGMI-2001,4.2. UMBI BERPATI DAN HASIL OLAHANNYA,composite,26,3.4,444,6.9,14.6,71.3,5.0,3.8,47.0,375.0,1.8,837.0,191.0,0.1,0.3,,,,0.4,0.1,1.8,0.0,100.0
BP041,"Fish kemplang cracker, raw",KZGMI-2001,4.2. UMBI BERPATI DAN HASIL OLAHANNYA,composite,26,14.2,325,1.8,0.4,78.5,4.5,5.1,59.0,268.0,2.3,1123.0,273.0,0.2,0.5,32.0,0.0,,0.6,0.1,2.3,0.0,100.0
BP042,Fried fish kemplang cracker,KZGPI-1990,4.2. UMBI BERPATI DAN HASIL OLAHANNYA,composite,26,5.8,504,5.6,28.1,57.1,0.3,3.4,50.0,94.0,2.9,,,,,6.0,,280.0,0.31,,,0.0,100.0
BP043,Grilled fish kemplang cracker,KZGPI-1990,4.2. UMBI BERPATI DAN HASIL OLAHANNYA,composite,26,9.4,356,9.7,1.1,76.9,1.0,3.0,62.0,129.0,2.9,,,,,7.0,,280.0,0.36,,,0.0,100.0
BP044,Fried yellow noodle cracker,KZGPI-1990,4.2. UMBI BERPATI DAN HASIL OLAHANNYA,composite,26,7.2,476,0.1,21.1,71.3,4.2,0.3,57.0,36.0,4.6,,109.0,0.1,0.2,0.0,,333.0,0.22,0.0,0.9,0.0,100.0
BP045,Fried shrimp cracker,KZGMI-2001,4.2. UMBI BERPATI DAN HASIL OLAHANNYA,composite,26,4.4,477,4.7,20.5,68.5,5.0,1.9,24.0,188.0,0.9,449.0,109.0,0.1,0.2,,0.0,,0.2,0.0,0.9,0.0,100.0
BP046,Mung bean flour cookie (kue bangket),KZGMI-2001,4.2. UMBI BERPATI DAN HASIL OLAHANNYA,composite,26,16.1,338,1.5,1.2,80.3,,0.9,34.0,35.0,0.3,67.0,0.0,0.2,0.2,0.0,0.0,0.0,0.3,0.0,0.0,,100.0
BP047,Cassava steamed cup cake (putu singkong),KZGMI-2001,4.2. UMBI BERPATI DAN HASIL OLAHANNYA,composite,26,44.2,217,1.2,0.5,53.2,2.4,0.9,48.0,68.0,1.5,3.0,305.0,,,,0.0,0.0,0.1,0.1,0.8,,100.0
BP048,Twisted cassava cake cracker (lanting),KZGPI-1990 PANGAN,4.2. UMBI BERPATI DAN HASIL OLAHANNYA,composite,26,4.2,422,0.9,10.8,80.4,1.4,3.8,206.0,104.0,3.6,,,,,0.0,,0.0,0.43,,,0.0,100.0
BP051,Sago noodle,BKP,4.2. UMBI BERPATI DAN HASIL OLAHANNYA,composite,27,52.8,190,0.2,0.4,46.5,1.4,0.1,8.0,7.0,0.3,10.0,2.6,0.1,0.0,,2.0,0.0,0.0,0.4,0.0,0.2,100.0
BP052,Sago pudding cake (ongol-ongol),KZGPI-1990,4.2. UMBI BERPATI DAN HASIL OLAHANNYA,composite,27,75.3,111,0.3,2.7,21.2,0.3,0.5,79.0,15.0,1.7,,,,,0.0,,0.0,0.06,,,0.0,100.0
BP053,Fermented cassava food (oyek),BKP,4.2. UMBI BERPATI DAN HASIL OLAHANNYA,composite,27,12.6,351,0.9,0.9,84.9,4.3,0.7,60.0,36.0,2.1,5.0,229.0,0.1,0.5,,0.0,0.0,0.02,0.02,0.5,0.2,100.0
BP054,Sago papeda porridge,KZGMI-2001,4.2. UMBI BERPATI DAN HASIL OLAHANNYA,composite,27,84.8,61,0.2,0.1,14.9,0.5,0.1,3.0,1.0,0.2,4.0,20.0,0.1,0.1,0.0,0.0,0.0,0.06,0.0,0.0,0.0,100.0
BP055,Sweet potato and rice blend (rasbi),BKP,4.2. UMBI BERPATI DAN HASIL OLAHANNYA,composite,27,11.1,394,2.2,8.8,76.6,6.8,1.3,68.0,76.0,1.6,165.0,388.0,0.4,0.4,,0.0,0.0,0.02,0.3,1.2,0.2,100.0
BP056,Cassava and rice blend (rasi),BKP,4.2. UMBI BERPATI DAN HASIL OLAHANNYA,composite,27,12.6,350,0.9,0.4,85.7,14.4,0.5,42.0,21.0,1.5,8.0,14.0,0.3,0.5,,0.0,0.0,0.02,0.02,0.4,0.2,100.0
BP057,Baked sago bread (sagu forno),KZGMI-2001,4.2. UMBI BERPATI DAN HASIL OLAHANNYA,composite,27,31.5,291,0.5,4.0,63.4,,0.6,10.0,20.0,0.8,40.0,50.0,0.1,0.2,0.0,0.0,0.0,,,,0.0,100.0
BP058,Coconut sago cake (sagon),BKP,4.2. UMBI BERPATI DAN HASIL OLAHANNYA,composite,27,4.3,452,2.8,14.8,76.8,1.1,0.7,15.0,39.0,1.1,182.0,52.7,0.04,0.8,,1220.0,0.0,0.32,0.04,0.1,0.2,100.0
BP059,Sweet sago,KZGMI-2001,4.2. UMBI BERPATI DAN HASIL OLAHANNYA,composite,27,32.6,287,0.5,3.9,62.4,,0.6,8.0,17.0,0.7,34.0,42.0,0.1,0.2,0.0,0.0,0.0,,,,0.0,100.0
BP060,Rendang spiced sago,BKP,4.2. UMBI BERPATI DAN HASIL OLAHANNYA,composite,27,8.2,364,0.1,0.2,90.5,1.9,1.0,13.0,9.0,3.9,42.0,15.1,0.1,0.1,,0.0,0.0,0.02,0.6,0.8,0.2,100.0
BP061,Roasted sago flour (sinole),KZGMI-2001,4.2. UMBI BERPATI DAN HASIL OLAHANNYA,composite,27,22.0,354,0.8,8.3,68.9,,0.1,10.0,30.0,0.8,30.0,11.0,0.2,0.3,0.0,0.0,0.0,,,,0.0,100.0
BP062,Kebumen taro crispy snack (serimping),KZGPI-1990,4.2. UMBI BERPATI DAN HASIL OLAHANNYA,composite,27,4.8,478,2.5,21.2,69.2,1.7,2.3,112.0,118.0,2.3,,,,,0.0,,0.0,0.25,,,0.0,100.0
BP063,Fermented cassava (tapai singkong),KZGPI-1990,4.2. UMBI BERPATI DAN HASIL OLAHANNYA,composite,27,57.4,169,1.4,0.3,40.2,2.0,0.7,21.0,34.0,0.8,,,,,0.0,0.0,0.0,0.0,,,9.0,100.0
BP064,Arrowroot flour,DABM-1964,4.2. UMBI BERPATI DAN HASIL OLAHANNYA,composite,27,13.6,355,0.7,0.2,85.2,0.4,0.3,8.0,22.0,1.5,2.0,10.7,0.0,0.1,,20.0,3.0,0.09,0.0,0.0,0.0,100.0
BP065,Queensland arrowroot flour,BKP,4.2. UMBI BERPATI DAN HASIL OLAHANNYA,composite,27,13.6,353,0.8,1.7,83.6,0.7,0.3,4.0,31.0,3.3,3.0,63.5,0.1,0.3,,0.0,0.0,0.02,0.0,0.9,1.0,100.0
BP066,Dried cassava flour (gaplek),BKP,4.2. UMBI BERPATI DAN HASIL OLAHANNYA,composite,27,13.0,345,2.4,0.4,83.1,6.7,1.1,18.0,95.0,1.5,6.0,55.0,0.4,1.2,,1.0,0.0,0.3,0.2,0.1,0.2,100.0
BP067,"Potato flour, dried",DABM-1964,4.2. UMBI BERPATI DAN HASIL OLAHANNYA,composite,27,13.0,347,0.3,0.1,85.6,0.4,1.0,20.0,30.0,0.5,51.0,156.3,0.2,0.5,,0.0,0.0,0.04,0.0,0.4,0.0,100.0
BP068,Modified cassava flour (mocaf),BKP,4.2. UMBI BERPATI DAN HASIL OLAHANNYA,composite,27,11.9,350,1.2,0.6,85.0,6.0,1.3,60.0,64.0,15.8,8.0,403.0,0.1,0.6,,0.0,0.0,0.02,0.02,0.7,1.7,100.0
BP069,Sente taro flour,BKP,4.2. UMBI BERPATI DAN HASIL OLAHANNYA,composite,27,15.3,326,4.0,0.4,76.7,8.5,3.6,41.0,141.0,3.5,14.0,1602.0,0.4,1.4,,0.0,0.0,0.02,0.2,7.7,0.2,100.0
BP070,Cassava flour or tapioca starch,DABM-1964,4.2. UMBI BERPATI DAN HASIL OLAHANNYA,composite,27,9.1,363,1.1,0.5,88.2,0.9,1.1,84.0,125.0,1.0,1.0,7.1,0.0,0.1,,0.0,,0.04,0.0,0.4,0.0,100.0
BP071,Beneng taro flour,BKP,4.2. UMBI BERPATI DAN HASIL OLAHANNYA,composite,27,12.2,332,5.7,0.6,76.1,12.2,5.5,59.0,302.0,10.7,7.0,1404.0,0.8,6.2,,0.0,0.0,0.02,0.1,0.3,0.2,100.0
BP074,Instant cassava granule food (tiwul),BKP,4.2. UMBI BERPATI DAN HASIL OLAHANNYA,composite,28,9.1,395,3.2,8.5,76.5,4.2,2.7,81.0,81.0,5.8,377.0,469.0,2.1,1.2,,0.0,0.0,0.4,0.2,0.2,4.0,100.0
BP075,Cilembu sweet potato,BKP,4.2. UMBI BERPATI DAN HASIL OLAHANNYA,composite,28,52.7,186,1.9,0.2,44.3,3.4,0.9,37.0,51.0,0.6,1.0,61.9,0.1,0.2,,26.0,0.0,0.02,0.2,0.0,0.3,89.6
BP076,Sweet potato glutinous rice cake (uli batatas),KZGMI-2001 PANGAN,4.2. UMBI BERPATI DAN HASIL OLAHANNYA,composite,28,66.5,150,1.1,4.0,27.4,,1.0,,23.0,0.1,6.0,112.0,0.1,0.2,0.0,0.0,0.0,0.53,0.0,1.3,0.0,100.0
CR002,"Winged bean, dried",KZGPI-1990,"4.3. KACANG, BIJI, BEAN DAN HASIL OLAHANNYA",single,29,11.6,341,30.4,3.2,51.3,4.5,3.5,178.0,521.0,6.8,13.0,1768.0,0.82,3.1,,,87.0,0.23,0.33,2.8,,80.0
CR003,"Winged bean (kecipir), dried",KZGPI-1990,"4.3. KACANG, BIJI, BEAN DAN HASIL OLAHANNYA",single,29,10.4,400,34.4,16.9,34.1,10.7,4.2,468.0,182.0,6.8,37.0,955.0,2.82,2.0,,,,0.3,0.44,3.0,,100.0
CR004,"Toxic bean (djenkol), fresh",KZGMI-2001,"4.3. KACANG, BIJI, BEAN DAN HASIL OLAHANNYA",single,29,72.1,118,4.4,1.5,21.6,,0.4,50.0,50.0,1.7,10.0,40.0,0.3,1.0,,,,0.43,,,,
CR005,"Bambara groundnut, dried",DABM-1964,"4.3. KACANG, BIJI, BEAN DAN HASIL OLAHANNYA",single,29,10.0,370,16.0,6.0,65.0,26.3,3.0,85.0,264.0,4.2,44.0,868.8,1.48,2.7,0.0,,,0.18,0.26,6.2,0.0,100.0
CR006,"Bambara groundnut, fresh",KZGPI-1990,"4.3. KACANG, BIJI, BEAN DAN HASIL OLAHANNYA",single,29,60.8,165,7.7,3.1,27.4,2.5,1.0,96.0,126.0,5.3,6.0,537.0,0.41,1.2,,29.0,,0.32,0.35,2.7,,100.0
CR007,"Endel bean seeds, dried",DABM-1964,"4.3. KACANG, BIJI, BEAN DAN HASIL OLAHANNYA",single,29,14.0,331,25.0,1.0,58.0,23.6,2.0,80.0,400.0,5.0,12.0,1322.4,0.68,2.7,0.0,,,0.3,0.75,2.3,,95.0
CR008,"Green peas, fresh",KZGMI-2001,"4.3. KACANG, BIJI, BEAN DAN HASIL OLAHANNYA",single,29,67.6,129,12.4,0.7,18.3,28.6,1.0,40.0,130.0,2.3,4.0,310.0,0.3,2.1,,212.0,,0.29,0.05,2.7,,45.0
CR009,"Galing bean, fresh",DABM-1964,"4.3. KACANG, BIJI, BEAN DAN HASIL OLAHANNYA",single,29,12.0,336,23.1,1.7,59.5,,3.8,80.0,400.0,5.0,,,,,0.0,,,0.6,,,0.0,95.0
CR010,"Pigeon pea seeds, dried",KZGPI-1990,"4.3. KACANG, BIJI, BEAN DAN HASIL OLAHANNYA",single,29,16.1,316,20.7,1.0,58.0,4.6,4.2,146.0,445.0,4.7,16.0,1306.2,0.99,2.7,,19.0,,0.3,0.19,2.4,,100.0
CR011,"Pigeon pea seeds, fresh",DABM-1964,"4.3. KACANG, BIJI, BEAN DAN HASIL OLAHANNYA",single,29,70.3,114,7.0,0.6,20.8,4.4,2.3,3.0,122.0,1.5,4.0,480.5,0.12,0.9,,,70.0,0.37,0.07,0.8,43.0,100.0
CR012,"Mung bean var. Bakti, dried",KZGPI-1990,"4.3. KACANG, BIJI, BEAN DAN HASIL OLAHANNYA",single,29,7.4,350,17.1,1.8,70.7,5.7,3.1,94.0,315.0,4.9,46.0,893.9,1.52,3.1,,171.0,235.0,0.4,0.27,2.6,11.0,100.0
CR013,"Mung bean var. Siwalik, dried",KZGPI-1990,"4.3. KACANG, BIJI, BEAN DAN HASIL OLAHANNYA",single,29,8.8,339,20.8,2.1,64.6,7.4,3.7,122.0,136.0,4.9,45.0,880.4,1.5,3.1,,168.0,321.0,0.45,0.27,2.6,,100.0
CR014,"Mung bean, dried",KZGPI-1990,"4.3. KACANG, BIJI, BEAN DAN HASIL OLAHANNYA",single,29,15.5,323,22.9,1.5,56.8,7.5,3.3,223.0,319.0,7.5,42.0,815.7,1.9,2.9,,156.0,223.0,0.46,0.15,1.5,10.0,100.0
CR015,"Black bean, dried",KZGMI-2001,"4.3. KACANG, BIJI, BEAN DAN HASIL OLAHANNYA",single,29,12.5,346,16.6,1.7,66.1,22.8,3.1,70.0,300.0,4.7,3.0,0.0,0.9,3.5,,28.0,,0.16,0.1,2.1,,100.0
CR016,"Snow pea, fresh",DABM-1964,"4.3. KACANG, BIJI, BEAN DAN HASIL OLAHANNYA",single,29,74.3,98,6.7,0.4,17.7,6.2,0.9,22.0,122.0,1.9,6.0,296.6,0.21,1.5,,,680.0,0.34,0.16,2.5,26.0,45.0
CR017,"Soybean, dried",KZGPI-1990,"4.3. KACANG, BIJI, BEAN DAN HASIL OLAHANNYA",single,29,12.7,381,40.4,16.7,24.9,3.2,5.5,222.0,682.0,10.0,210.0,713.4,1.58,3.9,,237.0,31.0,0.52,0.12,1.2,,100.0
CR019,"Kincai bean, dried",KZGMI-2001,"4.3. KACANG, BIJI, BEAN DAN HASIL OLAHANNYA",single,30,4.2,444,19.9,16.0,55.0,,4.9,26.0,,,,,,,,,,0.1,0.1,1.9,,
CR020,"Hyacinth bean (lablab), fresh",KZGMI-2001,"4.3. KACANG, BIJI, BEAN DAN HASIL OLAHANNYA",single,30,20.9,327,16.4,4.3,55.8,0.5,2.6,74.0,282.0,4.0,22.0,1137.0,0.9,2.1,,,,0.99,0.12,0.1,,45.0
CR021,"Yellow bean, dried",KZGMI-2001,"4.3. KACANG, BIJI, BEAN DAN HASIL OLAHANNYA",single,30,11.7,355,17.0,2.5,66.0,15.1,2.8,140.0,220.0,5.8,1.0,0.0,0.7,3.2,,58.0,,0.47,0.08,1.9,,
CR022,"Lebui bean, dried",KZGMI-2001,"4.3. KACANG, BIJI, BEAN DAN HASIL OLAHANNYA",single,30,11.8,346,16.5,1.5,66.6,37.3,3.6,144.0,368.0,3.4,17.0,1225.0,1.5,3.3,,64.0,,0.62,0.2,0.0,,100.0
CR023,"Butter bean, dried",KZGMI-2001,"4.3. KACANG, BIJI, BEAN DAN HASIL OLAHANNYA",single,30,13.7,344,16.7,2.1,64.6,13.0,2.9,110.0,300.0,6.7,1.0,10.0,0.7,2.5,,0.0,,0.21,0.07,1.2,,
CR024,"Red kidney bean (banda), dried",KZGMI-2001,"4.3. KACANG, BIJI, BEAN DAN HASIL OLAHANNYA",single,30,13.0,350,13.9,3.0,66.9,26.3,3.2,84.0,242.0,6.8,19.0,1127.0,0.0,42.0,,137.0,,0.15,0.76,0.3,,100.0
CR025,"Dark red kidney bean, dried",KZGPI-l990,"4.3. KACANG, BIJI, BEAN DAN HASIL OLAHANNYA",single,30,12.3,280,16.7,1.6,63.2,4.6,6.2,209.0,335.0,6.4,19.0,1348.5,0.69,2.8,,,,0.1,0.08,2.0,6.0,100.0
CR026,"Red kidney bean, dried",KZGPI-l990,"4.3. KACANG, BIJI, BEAN DAN HASIL OLAHANNYA",single,30,17.7,314,22.1,1.1,56.2,4.0,2.9,502.0,429.0,10.3,11.0,1265.5,0.65,2.6,,129.0,,0.4,0.72,2.2,,100.0
CR027,"Red kidney bean, fresh",KZGPI-l990,"4.3. KACANG, BIJI, BEAN DAN HASIL OLAHANNYA",single,30,57.2,171,11.0,2.2,28.0,2.1,1.7,293.0,134.0,3.7,7.0,360.7,0.34,1.4,,0.0,10.0,0.15,0.15,1.1,,100.0
CR028,"Cashew nut, fresh",KZGMI-2001,"4.3. KACANG, BIJI, BEAN DAN HASIL OLAHANNYA",single,30,4.6,616,16.3,48.4,28.7,0.9,2.0,26.0,521.0,3.8,26.0,692.0,4.7,4.1,,5.0,,0.64,0.03,0.0,,69.0
CR029,"Long bean seeds, dried",DABM-1964,"4.3. KACANG, BIJI, BEAN DAN HASIL OLAHANNYA",single,30,12.2,357,17.3,1.5,68.6,10.6,0.4,163.0,437.0,6.9,16.0,1109.4,0.35,2.8,0.0,2182.0,,0.57,0.98,7.1,2.0,100.0
CR030,Roasted peanuts,KZGPI-l990,"4.3. KACANG, BIJI, BEAN DAN HASIL OLAHANNYA",single,30,1.2,560,29.5,43.0,24.1,2.9,2.2,107.0,366.0,4.1,34.0,509.8,1.69,2.1,,0.0,,0.31,0.3,15.5,,100.0
CR031,Roasted peanuts without skin,DABM-1964,"4.3. KACANG, BIJI, BEAN DAN HASIL OLAHANNYA",single,30,2.6,559,26.9,44.2,23.6,2.6,2.7,74.0,393.0,1.9,33.0,202.3,520.4,1.7,0.0,0.0,,0.3,29.47,8.0,0.0,100.0
CR032,"Peanut, dried",KZGPI-l990,"4.3. KACANG, BIJI, BEAN DAN HASIL OLAHANNYA",single,30,9.6,525,27.9,42.7,17.4,2.4,2.4,316.0,456.0,5.7,31.0,466.5,1.55,1.9,,0.0,30.0,0.44,0.27,1.4,,100.0
CR033,"Cowpea (black-eyed pea), dried",KZGPI-l990,"4.3. KACANG, BIJI, BEAN DAN HASIL OLAHANNYA",single,30,13.5,331,24.4,1.9,56.6,1.6,3.6,481.0,399.0,13.9,15.0,7.8,1.03,5.9,,65.0,,0.06,0.2,4.3,,100.0
CR034,"Tunis bean, dried",KZGMI-2001 PANGAN,"4.3. KACANG, BIJI, BEAN DAN HASIL OLAHANNYA",single,30,10.5,351,12.2,1.2,72.9,29.5,3.2,120.0,220.0,6.9,1.0,0.0,1.4,2.9,,,,0.57,0.13,2.5,,100.0
CR037,"Banda canarium nut, dried",KZGMI-2001,"4.3. KACANG, BIJI, BEAN DAN HASIL OLAHANNYA",composite,31,13.0,616,13.9,56.2,13.7,,3.2,0.0,380.0,1.4,11.0,460.0,1.1,3.2,,90.0,,0.83,0.08,0.5,,100.0
CR038,"Canarium nut, dried",DABM-1964,"4.3. KACANG, BIJI, BEAN DAN HASIL OLAHANNYA",composite,31,3.0,657,15.0,66.0,13.0,,3.0,92.0,691.0,7.7,3.0,505.8,0.97,3.0,0.0,,,0.42,0.09,0.5,0.0,100.0
CR039,"Hyacinth bean pod, fresh",KZGMI-2001,"4.3. KACANG, BIJI, BEAN DAN HASIL OLAHANNYA",composite,31,74.3,99,3.3,0.1,21.2,10.3,1.1,50.0,99.0,13.1,15.0,567.0,0.2,0.6,,5.0,,0.13,0.03,0.2,,100.0
CR040,"Andong jack bean, dried",KZGPI-1990,"4.3. KACANG, BIJI, BEAN DAN HASIL OLAHANNYA",composite,31,10.8,356,20.5,4.1,61.6,7.0,3.0,150.0,272.0,6.2,18.0,301.8,0.73,2.8,,0.0,,0.29,0.02,1.4,1.0,100.0
CR041,"Velvet bean seeds, dried",DABM-1964,"4.3. KACANG, BIJI, BEAN DAN HASIL OLAHANNYA",composite,31,15.0,332,24.0,3.0,55.0,5.6,3.0,30.0,200.0,2.0,42.0,389.2,1.25,8.7,,0.0,70.0,0.3,0.12,1.7,0.0,95.0
CR042,"Koro kerupuk bean seeds, fresh",DABM-1964,"4.3. KACANG, BIJI, BEAN DAN HASIL OLAHANNYA",composite,31,67.2,125,8.3,0.7,22.1,2.2,1.7,17.0,12.0,2.7,16.0,150.3,0.48,3.4,,0.0,80.0,0.11,0.04,1.1,31.0,68.0
CR043,"Loke bean seeds, fresh",DABM-1964,"4.3. KACANG, BIJI, BEAN DAN HASIL OLAHANNYA",composite,31,88.6,33,2.7,0.2,7.9,3.5,0.6,60.0,40.0,2.0,2.0,38.6,0.09,0.4,,0.0,40.0,0.1,0.0,0.2,0.0,95.0
CR044,"Roay bean, dried",KZGPI-1990,"4.3. KACANG, BIJI, BEAN DAN HASIL OLAHANNYA",composite,31,13.0,344,12.5,2.1,69.4,7.5,3.0,70.0,103.0,4.4,18.0,294.3,0.72,2.7,,0.0,28.0,0.11,0.21,1.4,1.0,100.0
CR045,"Sword bean seeds, dried",DABM-1964,"4.3. KACANG, BIJI, BEAN DAN HASIL OLAHANNYA",composite,31,11.8,338,22.2,1.5,61.0,5.8,3.5,88.0,395.0,3.5,43.0,403.8,1.3,9.1,0.0,0.0,,0.62,0.12,1.8,0.0,100.0
CR046,"Young leucaena seeds, fresh",DABM-1964,"4.3. KACANG, BIJI, BEAN DAN HASIL OLAHANNYA",composite,31,77.4,85,5.7,0.3,15.4,10.8,1.2,180.0,53.0,2.7,35.0,485.7,0.02,1.4,,0.0,423.0,0.08,1.15,1.0,15.0,100.0
CR047,"Mature leucaena seeds, fresh",DABM-1964,"4.3. KACANG, BIJI, BEAN DAN HASIL OLAHANNYA",composite,31,61.4,148,10.6,0.5,26.2,17.0,1.3,155.0,59.0,2.2,28.0,628.5,0.03,2.4,,,416.0,0.23,0.49,2.8,20.0,100.0
CR048,"Leucaena var. Gung, without skin",KZGPI-1990,"4.3. KACANG, BIJI, BEAN DAN HASIL OLAHANNYA",composite,31,10.2,367,46.4,5.4,32.5,2.6,4.4,136.0,441.0,23.3,65.0,1462.3,0.07,5.6,,,18900.0,0.06,1.15,1.0,9.0,100.0
CR049,"Leucaena var. local, with skin",KZGPI-1990,"4.3. KACANG, BIJI, BEAN DAN HASIL OLAHANNYA",composite,31,13.5,336,23.8,1.2,59.7,15.4,1.8,867.0,321.0,1.5,134.0,1858.9,0.07,5.4,,,321.0,0.15,1.34,0.9,16.0,100.0
CR050,"Jackfruit seeds, fresh",DABM-1964,"4.3. KACANG, BIJI, BEAN DAN HASIL OLAHANNYA",composite,31,57.7,165,4.2,0.1,36.7,1.8,1.3,33.0,200.0,1.0,69.0,179.0,0.12,0.2,0.0,0.0,,0.2,0.03,1.4,10.0,75.0
CR051,"Peeled red abrus seeds, dried",KZGPI-1990,"4.3. KACANG, BIJI, BEAN DAN HASIL OLAHANNYA",composite,31,8.1,449,30.6,25.5,31.9,3.5,3.9,1062.0,161.0,14.2,66.0,1496.5,0.07,5.7,,,107.0,0.09,1.5,10.9,7.0,100.0
CR052,"Sesame seeds, dried",DABM-1964,"4.3. KACANG, BIJI, BEAN DAN HASIL OLAHANNYA",composite,31,5.8,568,19.3,51.1,18.1,3.6,5.8,1125.0,614.0,9.5,18.0,303.7,4.16,7.9,,15.0,,0.93,0.2,5.7,0.0,100.0
CP001,"Winged bean, boiled",KZGPI-1990,"4.3. KACANG, BIJI, BEAN DAN HASIL OLAHANNYA",composite,31,55.6,204,16.9,8.8,17.5,4.8,1.2,230.0,180.0,3.3,43.0,1098.0,3.24,2.3,,,,0.2,0.48,0.7,,100.0
CP003,"Bambara groundnut, boiled",KZGPI-1990,"4.3. KACANG, BIJI, BEAN DAN HASIL OLAHANNYA",composite,32,61.2,161,7.7,2.8,27.1,2.0,1.2,56.0,134.0,1.4,,,,,,,,0.1,,,,35.0
CP004,"Pigeon pea, boiled",KZGPI-1990,"4.3. KACANG, BIJI, BEAN DAN HASIL OLAHANNYA",composite,32,61.5,147,9.0,0.5,27.5,3.4,1.5,50.0,175.0,2.0,14.0,1126.0,0.8,2.7,,12.0,,0.1,0.07,13.2,,100.0
CP005,"Mung bean, boiled",KZGPI-1990,"4.3. KACANG, BIJI, BEAN DAN HASIL OLAHANNYA",composite,32,71.3,109,8.7,0.5,18.3,1.5,1.2,95.0,149.0,1.5,447.0,657.8,1.4,2.8,,18.0,120.0,0.12,0.04,0.4,3.0,100.0
CP006,"Soybean, fried",KZGPI-1990,"4.3. KACANG, BIJI, BEAN DAN HASIL OLAHANNYA",composite,32,9.6,521,32.2,37.7,22.9,7.6,3.7,296.0,800.0,6.5,3492.0,11890.0,26.3,60.0,,,20.0,0.4,1.9,19.0,,100.0
CP007,"Soybean, boiled",KZGPI-1990,"4.3. KACANG, BIJI, BEAN DAN HASIL OLAHANNYA",composite,32,56.8,189,20.2,8.2,12.7,1.6,2.1,91.0,270.0,3.9,181.0,615.0,1.3,3.7,,4.0,15.0,0.2,0.04,0.5,0.0,100.0
CP008,"Dried red kidney bean, boiled",KZGPI-l990,"4.3. KACANG, BIJI, BEAN DAN HASIL OLAHANNYA",composite,32,59.6,158,10.3,0.9,28.2,2.6,1.0,160.0,149.0,3.7,6.0,311.0,0.27,1.5,,,,0.2,0.09,0.8,,100.0
CP009,"Fresh red kidney bean, boiled",KZGPI-l990,"4.3. KACANG, BIJI, BEAN DAN HASIL OLAHANNYA",composite,32,63.1,144,10.0,1.0,24.7,3.5,1.2,144.0,150.0,2.8,6.0,311.0,0.27,1.5,,0.0,,0.1,0.08,0.7,,100.0
CP010,"Cashew nut, fried",KZGPI-1990,"4.3. KACANG, BIJI, BEAN DAN HASIL OLAHANNYA",composite,32,1.0,629,20.4,56.3,19.8,1.1,2.5,502.0,493.0,8.0,13.0,641.7,4.7,5.4,,5.0,,0.37,0.22,1.8,,100.0
CP011,Peanut boiled with shell,DABM-1964,"4.3. KACANG, BIJI, BEAN DAN HASIL OLAHANNYA",composite,32,40.2,360,13.5,31.2,12.8,,2.3,42.0,177.0,1.4,32.0,483.0,1.6,2.0,0.0,,,0.44,0.13,9.0,5.0,43.0
CP012,"Peanut, fried",KZGPI-l990,"4.3. KACANG, BIJI, BEAN DAN HASIL OLAHANNYA",composite,32,2.5,564,25.5,44.4,25.5,2.8,2.8,106.0,390.0,4.1,,,,,,,,0.4,,,,100.0
CP013,"Peanut, boiled",KZGPI-l990,"4.3. KACANG, BIJI, BEAN DAN HASIL OLAHANNYA",composite,32,62.1,220,10.6,18.0,8.0,1.0,1.3,89.0,273.0,1.9,36.0,536.2,1.78,2.2,,,,0.1,,,0.0,100.0
CP014,"Cowpea, boiled",KZGPI-l990,"4.3. KACANG, BIJI, BEAN DAN HASIL OLAHANNYA",composite,32,64.4,138,10.7,1.1,22.6,0.9,1.2,165.0,172.0,4.0,13.0,6.7,0.8,6.1,,,,0.01,0.17,3.2,,100.0
CP015,Mung bean residue,KZGPI-1990,"4.3. KACANG, BIJI, BEAN DAN HASIL OLAHANNYA",composite,32,70.6,96,3.7,0.6,19.1,2.7,0.6,133.0,150.0,1.3,,,,,,,,0.05,,,,100.0
CP016,"Tofu residue (okara), raw",KZGPI-1990,"4.3. KACANG, BIJI, BEAN DAN HASIL OLAHANNYA",composite,32,84.1,67,5.0,2.1,8.1,4.1,0.6,460.0,88.0,1.0,8.0,184.5,0.17,0.5,,0.0,,0.06,0.02,0.1,,100.0
CP017,Steamed tofu residue (okara),KZGPI-1990,"4.3. KACANG, BIJI, BEAN DAN HASIL OLAHANNYA",composite,32,82.5,75,4.1,2.1,10.7,5.1,0.6,203.0,60.0,1.3,,,,,,0.0,,0.07,,,,100.0
CP018,Dried tofu residue (okara),DABM-1964,"4.3. KACANG, BIJI, BEAN DAN HASIL OLAHANNYA",composite,32,9.0,414,26.6,18.3,41.3,0.0,5.8,19.0,29.0,4.0,45.0,1055.7,0.99,2.8,0.0,24.0,,0.2,0.1,0.5,0.0,100.0
CP019,Oncom tofu residue dish (pepea oncom),KZGPI-1990 PANGAN,"4.3. KACANG, BIJI, BEAN DAN HASIL OLAHANNYA",composite,32,80.9,76,5.2,1.8,10.6,2.2,1.5,215.0,66.0,12.5,,,,,,,268.0,0.11,,,,100.0
CP022,Coconut press cake (bungkil kelapa),DABM-1964,"4.3. KACANG, BIJI, BEAN DAN HASIL OLAHANNYA",composite,33,10.0,367,23.0,15.0,35.0,,38.0,137.0,433.0,41.5,,,,,0.0,,,0.0,0.46,8.9,,100.0
CP023,Banjarmasin sweet sticky confection (dodol),KZGMI-2001,"4.3. KACANG, BIJI, BEAN DAN HASIL OLAHANNYA",composite,33,17.3,368,2.6,8.6,70.0,0.5,1.5,51.0,180.0,3.3,48.0,96.0,0.4,2.6,0.0,0.0,0.0,0.04,0.07,2.3,0.0,100.0
CP024,Melinjo nut cracker (emping),DABM-1964,"4.3. KACANG, BIJI, BEAN DAN HASIL OLAHANNYA",composite,33,15.0,300,12.0,1.5,61.0,,28.0,100.0,400.0,5.0,,,,,,,,0.2,,,0.0,100.0
CP025,Hyacinth bean cracker (emping komak),KZGMI-2001,"4.3. KACANG, BIJI, BEAN DAN HASIL OLAHANNYA",composite,33,14.2,355,17.8,4.6,60.7,,2.7,87.0,304.0,4.3,24.0,1233.0,1.0,2.3,,0.0,,,,0.6,,100.0
CP026,Hello Kitty pressed peanut brittle (enting-enting),KZGPI-1990,"4.3. KACANG, BIJI, BEAN DAN HASIL OLAHANNYA",composite,33,2.4,538,13.6,30.3,52.6,0.2,1.0,81.0,248.0,1.6,,,,,0.0,,202.0,1.0,,,0.0,100.0
CP027,Pressed peanut brittle (enting-enting gepuk),KZGPI-1990,"4.3. KACANG, BIJI, BEAN DAN HASIL OLAHANNYA",composite,33,4.2,524,13.3,29.2,52.0,0.2,1.4,76.0,248.0,1.4,,,,,0.0,,272.0,0.62,,,0.0,100.0
CP028,Sesame brittle (enting-enting wijen),KZGPI-1990,"4.3. KACANG, BIJI, BEAN DAN HASIL OLAHANNYA",composite,33,3.7,565,18.2,38.4,36.8,1.9,3.0,251.0,502.0,10.9,,,,,0.0,,240.0,0.92,,,0.0,100.0
CP029,Coconut and rice peanut sweet (geplak),KZGMI-2001,"4.3. KACANG, BIJI, BEAN DAN HASIL OLAHANNYA",composite,33,29.6,350,1.4,14.4,53.6,1.8,1.0,151.0,43.0,2.1,,,,,0.0,,120.0,0.12,0.02,0.8,0.0,100.0
CP030,Ginger coconut sweet (geplak jahe),KZGMI-2001,"4.3. KACANG, BIJI, BEAN DAN HASIL OLAHANNYA",composite,33,12.4,462,3.1,24.4,57.7,3.3,2.5,212.0,161.0,6.6,,,,,0.0,,272.0,0.12,0.0,0.1,0.0,100.0
CP031,Coated peanut snack (kacang atom),KZGPI-1990,"4.3. KACANG, BIJI, BEAN DAN HASIL OLAHANNYA",composite,33,3.1,533,27.8,38.1,28.8,2.5,2.2,87.0,423.0,3.0,,,,,,,0.0,0.06,,,0.0,100.0
CP032,Shaken spiced peanut snack (kacang goyang),KZGMI-2001,"4.3. KACANG, BIJI, BEAN DAN HASIL OLAHANNYA",composite,33,8.3,516,14.7,31.1,44.4,,1.5,34.0,230.0,0.7,2.0,365.0,0.6,1.7,,,,,,,,100.0
CP033,Negara-style peanut,KZGMI-2001,"4.3. KACANG, BIJI, BEAN DAN HASIL OLAHANNYA",composite,33,3.1,480,18.4,19.1,58.5,11.7,0.9,34.0,404.0,10.3,1010.0,385.0,2.5,7.1,,,,0.63,0.05,2.6,,100.0
CP034,Sukro-style coated peanut (kacang sukro),KZGPI-1990,"4.3. KACANG, BIJI, BEAN DAN HASIL OLAHANNYA",composite,33,4.7,484,8.8,26.1,57.7,1.8,2.7,49.0,194.0,2.5,,,,,,,0.0,0.06,,,0.0,100.0
CP035,Peanut extract (kacang tanah sari),KZGPI-1990,"4.3. KACANG, BIJI, BEAN DAN HASIL OLAHANNYA",composite,33,2.1,561,25.5,43.8,26.0,2.2,2.6,50.0,324.0,3.1,,,,,,,0.0,0.08,,,0.0,100.0
CP036,Peanut butter,DABM-1964,"4.3. KACANG, BIJI, BEAN DAN HASIL OLAHANNYA",composite,33,3.0,590,27.0,49.0,20.9,1.6,0.1,60.0,360.0,2.0,355.0,492.4,0.57,2.7,0.0,0.0,,0.3,0.2,16.2,0.0,100.0
CP037,Silken tofu skin (kembang tahu),KZGPI-1990,"4.3. KACANG, BIJI, BEAN DAN HASIL OLAHANNYA",composite,33,10.8,380,48.9,13.8,23.3,0.0,3.2,378.0,781.0,2.1,55.0,455.3,0.68,4.2,,0.0,,0.15,0.08,0.7,,100.0
CP039,Oncom chips (keripik oncom),KZGPI-1990,"4.3. KACANG, BIJI, BEAN DAN HASIL OLAHANNYA",composite,33,3.0,598,8.3,43.8,42.6,3.3,2.2,85.0,153.0,27.0,,,,,,,1608.0,1.13,,,0.0,100.0
CP040,Tempeh chips,KZGPI-1990,"4.3. KACANG, BIJI, BEAN DAN HASIL OLAHANNYA",composite,33,3.3,581,12.1,40.6,41.7,2.2,2.3,237.0,116.0,6.9,,,,,,,320.0,0.35,,,0.0,100.0
CP041,Abadi large tempeh chips,KZGPI-1990,"4.3. KACANG, BIJI, BEAN DAN HASIL OLAHANNYA",composite,33,4.5,556,15.8,37.1,39.8,3.5,2.8,112.0,215.0,5.4,,,,,,,0.0,0.63,,,0.0,100.0
CP043,Abadi medium tempeh chips,KZGPI-1990,"4.3. KACANG, BIJI, BEAN DAN HASIL OLAHANNYA",composite,34,4.4,510,12.3,27.9,52.4,3.6,3.1,122.0,211.0,8.4,,,,,,,0.0,0.52,,,0.0,100.0
CP044,Abadi egg tempeh chips,KZGPI-1990,"4.3. KACANG, BIJI, BEAN DAN HASIL OLAHANNYA",composite,34,4.5,529,20.8,31.7,40.2,3.0,2.9,124.0,222.0,5.4,,,,,,,0.0,0.86,,,0.0,100.0
CP045,Abadi prima tempeh cracker,KZGPI-1990,"4.3. KACANG, BIJI, BEAN DAN HASIL OLAHANNYA",composite,34,4.8,540,16.7,33.9,42.0,2.2,2.6,92.0,184.0,3.2,,,,,,,1080.0,0.38,,,0.0,100.0
CP046,Roasted watermelon seeds (kwaci),DABM-1964,"4.3. KACANG, BIJI, BEAN DAN HASIL OLAHANNYA",composite,34,9.9,515,30.6,42.1,13.8,13.6,3.7,54.0,312.0,6.2,124.0,448.6,0.65,9.7,0.0,,,0.02,0.19,0.3,0.0,35.0
CP047,Sweet fried thick melinjo cracker,KZGPI-1990,"4.3. KACANG, BIJI, BEAN DAN HASIL OLAHANNYA",composite,34,5.6,439,10.0,16.4,65.7,,2.3,66.0,225.0,,,,,,,,0.0,0.1,,,0.0,100.0
CP048,Salted fried thick melinjo cracker,KZGPI-1990,"4.3. KACANG, BIJI, BEAN DAN HASIL OLAHANNYA",composite,34,8.0,431,11.1,16.2,63.0,,1.6,77.0,,,,,,,,,0.0,0.08,,,0.0,100.0
CP049,Fried thin melinjo cracker,KZGPI-1990,"4.3. KACANG, BIJI, BEAN DAN HASIL OLAHANNYA",composite,34,3.3,485,11.5,24.5,59.1,,1.5,85.0,218.0,,,,,,,,0.0,0.11,,,0.0,100.0
CP050,Moon tofu snack,KZGMS-1993,"4.3. KACANG, BIJI, BEAN DAN HASIL OLAHANNYA",composite,34,79.9,128,8.0,10.0,1.3,0.2,0.8,205.0,92.0,2.5,393.0,,,,131.0,,5300.0,0.46,,,0.0,100.0
CP051,Oncom (fermented peanut press cake),DABM-1964,"4.3. KACANG, BIJI, BEAN DAN HASIL OLAHANNYA",composite,34,57.0,187,13.0,6.0,22.6,,1.4,96.0,115.0,27.0,,,,,0.0,,,0.09,0.0,1.6,0.0,100.0
CP052,Mung bean residue oncom,KZGPI-1990,"4.3. KACANG, BIJI, BEAN DAN HASIL OLAHANNYA",composite,34,13.4,376,14.9,6.0,65.7,12.3,1.7,199.0,110.0,10.9,,,,,,,,0.03,,,,100.0
CP053,Mung bean and cassava oncom,KZGPI-1990,"4.3. KACANG, BIJI, BEAN DAN HASIL OLAHANNYA",composite,34,16.5,351,11.0,5.3,65.9,9.0,1.3,164.0,113.0,7.8,,,,,,,,0.01,,,,100.0
CP054,Steamed peanut oncom in banana leaf,KZGPI-1990,"4.3. KACANG, BIJI, BEAN DAN HASIL OLAHANNYA",composite,34,65.0,132,12.7,3.8,13.7,3.1,4.8,133.0,355.0,34.4,,,,,,,10.0,0.08,0.2,0.7,0.0,100.0
CP055,Peanut rice cracker (rempeyek),KZGPI-1990,"4.3. KACANG, BIJI, BEAN DAN HASIL OLAHANNYA",composite,34,3.9,513,17.5,32.5,44.3,1.7,1.8,65.0,202.0,2.6,,,,,,,0.0,0.1,,,0.0,100.0
CP056,Cowpea rice cracker (rempeyek kacang tolo),KZGPI-1990,"4.3. KACANG, BIJI, BEAN DAN HASIL OLAHANNYA",composite,34,6.1,451,11.2,20.2,59.7,1.8,2.8,156.0,221.0,4.6,,,,,,,0.0,0.02,,,0.0,100.0
CP057,Uci bean rice cracker (rempeyek kacang uci),KZGPI-1990,"4.3. KACANG, BIJI, BEAN DAN HASIL OLAHANNYA",composite,34,4.0,497,17.0,27.6,50.8,2.4,3.4,166.0,89.0,6.7,,,,,,,0.0,0.05,,,0.0,100.0
CP058,Lebui bean vegetable dish,KZGMI-2001,"4.3. KACANG, BIJI, BEAN DAN HASIL OLAHANNYA",composite,34,83.9,64,2.1,0.6,12.5,5.7,0.9,21.0,2.0,1.0,124.0,146.0,0.2,0.7,,14.0,,,0.0,0.1,,100.0
CP059,Soy powder extract (saridele),DABM-1964,"4.3. KACANG, BIJI, BEAN DAN HASIL OLAHANNYA",composite,34,3.0,344,30.0,20.0,43.0,6.2,4.0,450.0,500.0,4.0,56.0,2572.3,2.99,4.0,,0.0,2000.0,0.7,0.16,2.0,10.0,100.0
CP060,Soy milk,DABM-1964,"4.3. KACANG, BIJI, BEAN DAN HASIL OLAHANNYA",composite,34,87.0,41,3.5,2.5,5.0,0.2,2.0,50.0,45.0,0.7,128.0,287.9,0.12,1.0,,,200.0,0.08,0.05,0.7,2.0,100.0
CP061,"Tofu, raw",KZGPI-1990 PANGAN,"4.3. KACANG, BIJI, BEAN DAN HASIL OLAHANNYA",composite,34,82.2,80,10.9,4.7,0.8,0.1,1.4,223.0,183.0,3.4,2.0,50.6,0.19,0.8,,118.0,,0.01,0.08,0.1,,100.0
CP064,Pressed tofu (takwa),KZGPI-1990,"4.3. KACANG, BIJI, BEAN DAN HASIL OLAHANNYA",composite,35,72.2,148,13.8,8.5,4.0,0.0,1.6,140.0,214.0,8.5,3.0,79.0,0.3,1.3,,,920.0,0.2,0.1,0.8,,100.0
CP065,Fermented soybean paste (tauco),KZGPI-1990,"4.3. KACANG, BIJI, BEAN DAN HASIL OLAHANNYA",composite,35,54.0,184,11.4,5.5,22.2,1.9,6.9,72.0,463.0,6.0,1766.0,233.0,0.39,1.0,,0.0,664.0,0.32,0.2,0.8,0.0,100.0
CP066,"Bear brand fermented soybean paste, cake form",KZGPI-1990,"4.3. KACANG, BIJI, BEAN DAN HASIL OLAHANNYA",composite,35,11.4,347,7.4,5.2,67.6,3.2,8.4,63.0,106.0,6.2,,,,,,,936.0,0.35,,,0.0,100.0
CP067,"DAS brand fermented soybean paste, cake form",KZGPI-1990,"4.3. KACANG, BIJI, BEAN DAN HASIL OLAHANNYA",composite,35,10.2,358,7.5,4.3,70.4,3.1,7.6,94.0,94.0,4.5,,,,,,,504.0,0.29,,,0.0,100.0
CP068,Meong brand fermented soybean paste,KZGPI-1990,"4.3. KACANG, BIJI, BEAN DAN HASIL OLAHANNYA",composite,35,59.7,159,7.4,4.9,21.3,1.6,6.7,183.0,84.0,10.1,1547.0,204.1,0.34,0.9,,0.0,472.0,0.46,0.18,0.7,0.0,100.0
CP069,Singa brand fermented soybean (tauji),KZGPI-1990,"4.3. KACANG, BIJI, BEAN DAN HASIL OLAHANNYA",composite,35,30.4,277,9.1,4.7,49.6,1.2,6.2,68.0,106.0,3.0,,,,,,,936.0,0.15,,,0.0,100.0
CP070,Bongkrek tempeh (coconut press cake tempeh),DABM-1964,"4.3. KACANG, BIJI, BEAN DAN HASIL OLAHANNYA",composite,35,70.0,88,10.0,4.0,3.0,,146.3,27.0,100.0,2.6,,,,,0.0,,,0.08,,,0.0,100.0
CP071,P3G tofu residue tempeh (tempe gembus),KZGPI-1990,"4.3. KACANG, BIJI, BEAN DAN HASIL OLAHANNYA",composite,35,81.9,73,5.7,1.3,10.3,4.2,0.8,204.0,80.0,1.5,,,,,,,22.0,0.09,0.1,0.9,,100.0
CP072,Yogyakarta-style tofu residue tempeh,KZGPI-1990,"4.3. KACANG, BIJI, BEAN DAN HASIL OLAHANNYA",composite,35,80.7,76,6.8,0.7,10.6,5.3,1.1,76.0,142.0,16.5,,,,,,,,0.79,0.01,0.1,,100.0
CP073,Winged bean tempeh,KZGPI-1990,"4.3. KACANG, BIJI, BEAN DAN HASIL OLAHANNYA",composite,35,64.0,139,12.5,0.8,21.9,1.8,1.2,68.0,182.0,2.6,,,,,,,20.0,0.1,,,,100.0
CP074,Winged bean tempeh (kecipir),KZGPI-1990,"4.3. KACANG, BIJI, BEAN DAN HASIL OLAHANNYA",composite,35,58.2,212,17.5,10.0,12.9,2.9,1.4,186.0,160.0,2.2,,,,,,,,0.2,,,,100.0
CP075,Soybean and corn tempeh,KZGPI-1990,"4.3. KACANG, BIJI, BEAN DAN HASIL OLAHANNYA",composite,35,70.6,143,12.0,5.5,11.4,1.9,0.6,155.0,156.0,6.8,,,,,,,1320.0,0.33,0.15,1.2,,100.0
CP076,"Pure soybean tempeh, fried",KZGPI-1990,"4.3. KACANG, BIJI, BEAN DAN HASIL OLAHANNYA",composite,35,36.8,350,24.5,26.6,10.4,4.2,1.8,202.0,296.0,4.9,22.0,626.7,0.8,2.5,,,78.0,0.24,0.6,3.3,0.0,100.0
CP077,"Pure soybean tempeh, raw",KZGPI-1990,"4.3. KACANG, BIJI, BEAN DAN HASIL OLAHANNYA",composite,35,55.3,201,20.8,8.8,13.5,1.4,1.6,155.0,326.0,4.0,9.0,234.0,0.57,1.7,,0.0,,0.19,0.59,4.9,,100.0
CP078,Velvet bean tempeh (koro benguk),DABM-1964,"4.3. KACANG, BIJI, BEAN DAN HASIL OLAHANNYA",composite,35,64.0,141,10.2,1.3,23.2,,1.3,42.0,15.0,2.6,,,,,0.0,,,0.09,,,0.0,100.0
CP079,Leucaena tempeh,KZGPI-1990,"4.3. KACANG, BIJI, BEAN DAN HASIL OLAHANNYA",composite,35,66.8,128,10.7,0.5,21.3,7.1,0.7,203.0,108.0,0.6,,,,,,,121.0,0.17,,,2.0,100.0
CP080,"Leucaena var. Gung tempeh, with skin",KZGPI-1990,"4.3. KACANG, BIJI, BEAN DAN HASIL OLAHANNYA",composite,35,65.1,146,11.7,2.3,19.6,7.6,1.3,128.0,41.0,6.8,,,,,,,1370.0,0.19,,1.4,,100.0
CP082,Market tempeh,KZGPI-1990,"4.3. KACANG, BIJI, BEAN DAN HASIL OLAHANNYA",composite,36,68.3,150,14.0,7.7,9.1,1.4,0.9,517.0,202.0,1.5,7.0,165.9,0.4,1.2,,0.0,,0.17,0.44,3.6,,100.0
CP083,Fried market tempeh,KZGPI-1990,"4.3. KACANG, BIJI, BEAN DAN HASIL OLAHANNYA",composite,36,42.9,336,20.0,28.0,7.8,3.4,1.3,156.0,350.0,3.0,20.0,566.2,0.8,2.2,,,10.0,0.1,0.5,3.0,0.0,100.0
CP084,Mung bean starch flour (hunkwe),DABM-1964,"4.3. KACANG, BIJI, BEAN DAN HASIL OLAHANNYA",composite,36,10.0,364,4.5,1.0,83.5,16.1,1.0,50.0,100.0,1.0,15.0,1232.9,0.93,2.7,0.0,,,0.0,0.23,2.2,0.0,100.0
CP085,Jalejo bean flour,BKP,"4.3. KACANG, BIJI, BEAN DAN HASIL OLAHANNYA",composite,36,10.0,388,19.0,7.5,61.2,5.8,2.3,101.0,663.0,2.0,3.0,712.0,0.6,1.9,,1000.0,0.0,0.02,0.7,1.6,9.0,100.0
CP086,Soybean flour,DABM-1964 PANGAN,"4.3. KACANG, BIJI, BEAN DAN HASIL OLAHANNYA",composite,36,9.0,347,35.9,20.6,29.9,5.8,4.0,195.0,544.0,8.4,52.0,2522.6,4303.45,2.6,,0.0,140.0,0.77,0.32,2.1,0.0,100.0
DR001,"Tonjong root, fresh",KZGPI-1990,4.4. SAYURAN DAN HASIL OLAHANNYA,single,37,86.7,45,1.1,0.4,10.8,1.2,1.0,72.0,125.0,1.3,96.4,1147.1,0.02,0.2,0.0,83.0,90.0,0.02,0.03,1.9,2.0,100.0
DR002,"Ale sprouts, fresh",KZGPI-1990,4.4. SAYURAN DAN HASIL OLAHANNYA,single,37,90.6,37,4.4,0.5,3.8,1.7,0.7,50.0,248.0,2.0,2.3,105.0,0.16,0.4,0.0,0.0,35.0,0.02,0.09,0.6,46.0,90.0
DR003,"Batak pepper (andaliman), fresh",KZGPI-1990,4.4. SAYURAN DAN HASIL OLAHANNYA,single,37,74.2,99,4.6,1.0,18.0,8.5,2.2,383.0,107.0,2.9,,,,,0.0,,6300.0,3.0,,,15.0,100.0
DR004,"Endive, fresh",DABM-1964,4.4. SAYURAN DAN HASIL OLAHANNYA,single,37,91.8,226,1.6,0.2,5.3,4.1,1.1,33.0,66.0,1.0,29.0,414.6,0.13,1.0,,1717.0,,0.14,0.09,0.5,10.0,80.0
DR005,"Spider lily (bakung), fresh",KZGMI-2001,4.4. SAYURAN DAN HASIL OLAHANNYA,single,37,92.5,27,2.0,0.2,4.2,3.8,1.1,19.0,20.0,0.5,37.0,340.0,0.2,0.3,,1080.0,,0.2,0.1,0.3,42.0,100.0
DR006,"Wax gourd (ash gourd), fresh",DABM-1964,4.4. SAYURAN DAN HASIL OLAHANNYA,single,37,96.1,15,0.4,0.2,3.0,0.4,0.3,19.0,19.0,0.4,1.7,131.1,0.02,0.6,,0.0,,0.04,0.02,0.3,13.0,69.0
DR007,"Onion, fresh",DABM-1964,4.4. SAYURAN DAN HASIL OLAHANNYA,single,37,87.5,43,1.4,0.2,10.3,2.0,0.6,32.0,44.0,0.5,12.2,9.6,0.1,0.3,,788.0,50.0,0.03,0.21,0.4,9.0,94.0
DR008,"Spinach (amaranth), fresh",KZGPI-1990,4.4. SAYURAN DAN HASIL OLAHANNYA,single,37,94.5,16,0.9,0.4,2.9,0.7,1.3,166.0,76.0,3.5,15.8,456.4,0.13,0.4,,2699.0,2293.0,0.04,0.1,1.0,41.0,71.0
DR009,"Red spinach (red amaranth), fresh",KZGMI-2001,4.4. SAYURAN DAN HASIL OLAHANNYA,single,37,88.5,41,2.2,0.8,6.3,2.2,2.2,520.0,80.0,7.0,20.0,60.0,0.2,0.8,0.0,7325.0,,0.2,0.1,0.1,62.0,71.0
DR010,"Beetroot, fresh",DABM-1964,4.4. SAYURAN DAN HASIL OLAHANNYA,single,37,87.6,41,1.6,0.1,9.6,2.6,1.1,27.0,43.0,1.0,28.5,404.9,0.2,0.7,,0.0,20.0,0.02,0.05,0.3,10.0,75.0
DR011,Moringa fruit (drumstick),KZGMI-2001,4.4. SAYURAN DAN HASIL OLAHANNYA,single,37,89.5,38,1.5,0.2,7.5,3.2,1.3,30.0,54.0,0.0,48.0,216.0,0.0,0.2,,31.0,,0.1,0.1,4.1,25.0,65.0
DR012,Red pandanus fruit (buah merah),KZGMI-2001,4.4. SAYURAN DAN HASIL OLAHANNYA,single,37,81.2,87,2.6,2.7,13.1,4.0,0.4,30.0,1.0,1.1,110.0,140.0,0.1,0.3,0.0,0.0,,1.5,0.1,0.2,15.0,100.0
DR013,"French bean (green bean), fresh",KZGPI-1990,4.4. SAYURAN DAN HASIL OLAHANNYA,single,37,89.6,34,2.4,0.3,7.2,1.9,0.5,101.0,42.0,0.7,8.0,250.0,0.07,0.3,0.0,772.0,550.0,0.05,0.4,2.8,11.0,90.0
DR014,"Papaya flower, fresh",KZGPI-1990,4.4. SAYURAN DAN HASIL OLAHANNYA,single,37,87.3,45,2.6,0.3,8.1,1.6,1.7,290.0,113.0,4.2,2.3,478.3,0.08,0.8,,2792.0,5.0,0.01,0.28,1.0,23.0,100.0
DR015,"Sesban flower (turi), fresh",BKP,4.4. SAYURAN DAN HASIL OLAHANNYA,single,37,90.4,42,2.0,1.1,6.1,3.3,0.4,28.0,23.0,0.8,28.6,97.4,0.1,0.6,,1200.0,0.0,0.5,0.02,0.4,1.0,96.1
DR016,"Chinese flowering cabbage (caisim), fresh",KZGPI-1990,4.4. SAYURAN DAN HASIL OLAHANNYA,single,37,93.6,20,1.7,0.4,3.4,1.2,0.9,123.0,40.0,1.9,18.0,358.2,0.05,1.4,,1675.0,4188.0,0.04,0.19,0.6,3.0,100.0
DR017,"Indian borage leaf (bangun-bangun), fresh",KZGPI-1990,4.4. SAYURAN DAN HASIL OLAHANNYA,single,37,92.5,27,1.3,0.6,4.0,1.0,1.6,279.0,40.0,13.6,3.6,144.0,,,,1489.0,13288.0,0.16,0.1,0.0,5.0,66.0
DR018,"Shallot leaf, fresh",KZGMI-2001,4.4. SAYURAN DAN HASIL OLAHANNYA,single,37,89.1,41,2.0,0.3,7.8,2.1,0.8,60.0,40.0,2.3,30.0,90.0,0.1,0.3,0.0,218.0,,0.1,0.1,0.2,11.0,67.0
DR019,"Bebuas leaf, fresh",KZGPI-1990,4.4. SAYURAN DAN HASIL OLAHANNYA,single,37,87.9,41,2.7,1.0,7.3,2.1,1.1,29.0,245.0,1.5,,,,,0.0,,3099.0,0.01,,,3.0,49.0
DR020,"Belem leaf, fresh",KZGPI-1990,4.4. SAYURAN DAN HASIL OLAHANNYA,single,37,84.6,50,4.4,1.4,7.8,1.9,1.8,698.0,151.0,7.5,,,,,0.0,,13072.0,0.05,,,21.0,81.0
DR021,"Bluntas leaf (Pluchea indica), fresh",DABM-1964,4.4. SAYURAN DAN HASIL OLAHANNYA,single,38,86.0,44,1.8,0.5,9.4,,2.3,256.0,49.0,5.6,,,,,,,3980.0,0.02,,,30.0,65.0
DR022,"Gandaria leaf, fresh",DABM-1964,4.4. SAYURAN DAN HASIL OLAHANNYA,single,38,81.0,63,3.1,0.3,14.0,2.1,1.6,40.0,45.0,4.7,3.0,127.7,,,,503.0,600.0,0.04,0.04,0.2,61.0,65.0
DR023,"Large native okra leaf (gedi besar), fresh",KZGMI-2001,4.4. SAYURAN DAN HASIL OLAHANNYA,single,38,84.0,58,2.9,0.7,10.0,3.3,2.4,440.0,100.0,1.9,30.0,40.0,0.2,2.1,,596.0,,0.4,0.5,2.8,11.0,65.0
DR024,"Small native okra leaf (gedi kecil), fresh",KZGMI-2001,4.4. SAYURAN DAN HASIL OLAHANNYA,single,38,83.7,61,3.2,0.7,10.4,3.4,2.0,420.0,70.0,1.7,20.0,50.0,0.1,1.4,,607.0,,0.4,0.3,2.9,11.0,65.0
DR025,"Purslane leaf, fresh",KZGPI-1990,4.4. SAYURAN DAN HASIL OLAHANNYA,single,38,90.3,30,1.3,0.7,5.8,1.3,1.9,350.0,210.0,11.9,4.7,333.3,0.31,1.2,0.0,4701.0,1954.0,0.01,0.14,0.7,1.0,52.0
DR026,"Balinese gunda leaf, fresh",KZGPI-1990,4.4. SAYURAN DAN HASIL OLAHANNYA,single,38,86.4,50,4.6,0.9,7.0,1.4,1.1,167.0,62.0,0.5,,,,,0.0,,6571.0,0.05,,,20.0,49.0
DR027,"Serang gunda leaf, fresh",KZGPI-1990,4.4. SAYURAN DAN HASIL OLAHANNYA,single,38,84.6,62,4.2,0.9,9.2,1.3,1.1,171.0,64.0,0.6,,,,,0.0,,7347.0,0.02,,,20.0,47.0
DR028,"Young cashew leaf, fresh",DABM-1964,4.4. SAYURAN DAN HASIL OLAHANNYA,single,38,78.0,78,4.6,0.5,16.2,3.0,0.7,33.0,64.0,8.9,13.9,670.5,,,,4484.0,2689.0,0.02,1.12,1.1,65.0,65.0
DR029,"Jampang grass leaf, fresh",KZGPI-1990,4.4. SAYURAN DAN HASIL OLAHANNYA,single,38,88.9,34,3.8,0.5,5.3,1.4,1.5,21.0,245.0,1.0,,,,,0.0,,4357.0,0.03,,,3.0,47.0
DR030,"Jawaw seluang leaf, fresh",KZGMI-2001,4.4. SAYURAN DAN HASIL OLAHANNYA,single,38,77.2,93,5.0,1.3,15.3,3.9,1.2,146.0,103.0,5.3,2.0,434.0,0.5,1.5,,,,0.1,0.7,,9.0,
DR031,"Jonghe leaf, fresh",KZGPI-1990,4.4. SAYURAN DAN HASIL OLAHANNYA,single,38,91.4,27,2.1,0.7,4.4,2.0,1.4,253.0,192.0,9.5,,,,,0.0,,5057.0,0.01,,,1.0,45.0
DR032,"Ma bean leaf, fresh",KZGPI-1990,4.4. SAYURAN DAN HASIL OLAHANNYA,single,38,89.1,36,2.9,0.6,6.8,1.8,0.6,64.0,220.0,2.2,7.0,485.3,0.2,0.3,,2893.0,4377.0,0.04,0.18,1.2,4.0,33.0
DR033,"Long bean leaf, fresh",KZGPI-1990,4.4. SAYURAN DAN HASIL OLAHANNYA,single,38,89.7,30,3.1,0.3,5.8,1.7,1.1,200.0,66.0,4.5,7.0,458.6,0.2,0.3,0.0,2734.0,4592.0,0.33,0.2,1.1,30.0,65.0
DR034,"Rubber cassava leaf, fresh",KZGMI-2001,4.4. SAYURAN DAN HASIL OLAHANNYA,single,38,80.3,92,4.0,3.6,10.9,5.8,1.2,140.0,70.0,1.6,70.0,90.0,0.3,1.1,,9999.0,,0.1,0.2,0.1,74.0,87.0
DR035,"Katuk leaf (sauropus), fresh",KZGPI-1990,4.4. SAYURAN DAN HASIL OLAHANNYA,single,38,81.0,59,6.4,1.0,9.9,1.5,1.7,233.0,98.0,3.5,20.7,478.8,0.3,1.3,,9152.0,10020.0,0.0,0.31,2.3,164.0,40.0
DR036,"Winged bean leaf, fresh",DABM-1964,4.4. SAYURAN DAN HASIL OLAHANNYA,single,38,85.0,52,5.0,0.5,8.5,,1.0,134.0,81.0,6.2,5.8,114.0,0.3,0.8,,3981.0,5240.0,0.28,0.4,2.2,29.0,70.0
DR037,"Ambarella leaf, fresh",DABM-1964 PANGAN,4.4. SAYURAN DAN HASIL OLAHANNYA,single,38,81.0,59,3.5,0.3,13.4,10.7,1.8,540.0,82.0,6.2,12.1,579.0,,,,1624.0,2900.0,0.06,0.2,1.5,29.0,65.0
DR038,"Moringa leaf, fresh",KZGMI-2001,4.4. SAYURAN DAN HASIL OLAHANNYA,single,39,75.5,92,5.1,1.6,14.3,8.2,3.5,1077.0,76.0,6.0,61.0,298.0,0.1,0.6,,3266.0,,0.3,0.1,4.2,22.0,65.0
DR039,"Kemang leaf, fresh",DABM-1964,4.4. SAYURAN DAN HASIL OLAHANNYA,single,39,85.0,43,5.5,0.3,7.5,8.4,1.7,35.0,106.0,1.0,9.5,457.1,,,,1282.0,1017.0,0.06,0.1,1.2,30.0,65.0
DR040,"Cosmos leaf (Thai parsley, kenikir), fresh",BKP,4.4. SAYURAN DAN HASIL OLAHANNYA,single,39,87.6,45,3.7,0.5,6.6,5.8,1.7,328.0,65.0,2.7,6.1,431.0,0.1,0.6,,30200.0,12.0,0.5,0.3,4.5,0.0,36.3
DR041,"Vietnamese coriander leaf (kesum), fresh",KZGPI-1990,4.4. SAYURAN DAN HASIL OLAHANNYA,single,39,84.8,48,4.5,0.8,9.1,1.6,0.8,125.0,142.0,2.6,10.8,174.7,0.4,1.2,0.0,4216.0,8715.0,0.01,0.1,1.6,4.0,53.0
DR042,"Chinese cabbage leaf, fresh",KZGPI-1990,4.4. SAYURAN DAN HASIL OLAHANNYA,single,39,93.1,22,2.1,0.5,3.6,0.9,0.7,200.0,92.0,3.2,19.4,386.2,0.1,0.2,0.0,1806.0,2177.0,0.03,0.2,0.6,3.0,87.0
DR043,"Koro bean leaf, fresh",DABM-1964,4.4. SAYURAN DAN HASIL OLAHANNYA,single,39,91.0,23,3.0,0.3,3.7,,2.0,134.0,81.0,6.2,3.5,68.4,0.2,0.5,,2386.0,5240.0,0.28,0.2,1.3,29.0,65.0
DR044,"Cabbage leaf, fresh",KZGMI-2001,4.4. SAYURAN DAN HASIL OLAHANNYA,single,39,86.2,51,2.5,1.1,8.0,3.4,2.2,100.0,50.0,3.4,50.0,100.0,0.9,0.6,,9999.0,,0.4,0.1,0.2,16.0,75.0
DR045,"Kumak leaf, fresh",KZGPI-1990,4.4. SAYURAN DAN HASIL OLAHANNYA,single,39,95.2,14,1.3,0.3,2.3,0.9,0.9,90.0,59.0,2.7,1.9,36.5,0.1,0.3,,1274.0,2961.0,0.01,0.0,0.5,3.0,78.0
DR046,"Chayote leaf, fresh",DABM-1964,4.4. SAYURAN DAN HASIL OLAHANNYA,single,39,89.7,34,4.0,0.4,4.7,3.5,1.2,58.0,70.0,2.5,15.9,630.7,0.2,0.3,,4773.0,2025.0,0.08,0.4,1.7,16.0,100.0
DR047,"Pumpkin (yellow gourd) leaf, fresh",DABM-1964,4.4. SAYURAN DAN HASIL OLAHANNYA,single,39,89.7,34,3.6,0.6,4.5,2.9,1.6,138.0,99.0,3.7,15.9,630.7,0.2,0.3,,1258.0,2750.0,0.14,0.2,1.3,36.0,70.0
DR048,"Leucaena leaf, fresh",KZGPI-1990,4.4. SAYURAN DAN HASIL OLAHANNYA,single,39,74.0,87,8.3,1.8,14.4,3.3,1.5,725.0,174.0,3.9,10.1,197.7,0.5,1.4,0.0,6900.0,13040.0,0.0,0.1,2.3,32.0,40.0
DR049,"Leilem leaf (Clerodendrum), fresh",KZGMI-2001,4.4. SAYURAN DAN HASIL OLAHANNYA,single,39,79.4,76,2.8,0.2,15.8,3.1,1.8,296.0,22.0,3.4,6.0,46.0,0.5,1.1,,753.0,,0.3,0.1,2.5,22.0,90.0
DR050,"Sunberry leaf (leunca), fresh",DABM-1964,4.4. SAYURAN DAN HASIL OLAHANNYA,single,39,85.0,49,4.7,0.5,8.1,,1.7,210.0,80.0,6.1,,,,,,,1900.0,0.14,,,40.0,70.0
DR051,"Radish leaf, fresh",DKBM-1964,4.4. SAYURAN DAN HASIL OLAHANNYA,single,39,90.0,30,2.3,0.4,5.8,3.2,1.4,140.0,33.0,3.7,15.8,747.4,0.2,0.2,,5039.0,1000.0,0.07,1.1,6.5,109.0,70.0
DR052,"Taro stem leaf, fresh",DABM-1964,4.4. SAYURAN DAN HASIL OLAHANNYA,single,39,87.2,44,3.0,0.8,7.4,3.3,1.6,76.0,59.0,1.0,2.7,578.4,0.2,0.4,,2584.0,2000.0,0.08,0.4,1.4,31.0,75.0
DR053,"Mangkokan leaf (daun mangkok), fresh",DABM-1964,4.4. SAYURAN DAN HASIL OLAHANNYA,single,39,82.0,57,3.7,0.3,11.8,,2.2,474.0,49.0,4.0,,,,,,,5450.0,0.06,,,83.0,80.0
DR054,"Ambon matel leaf, fresh",KZGPI-1990,4.4. SAYURAN DAN HASIL OLAHANNYA,single,39,77.1,71,6.8,1.6,11.5,4.6,3.0,93.0,95.0,10.2,,,,,0.0,,49.0,0.08,,,26.0,100.0
DR055,"Melinjo leaf (gnetum gnemon), fresh",DABM-1964,4.4. SAYURAN DAN HASIL OLAHANNYA,single,39,70.8,104,5.0,1.3,21.3,10.3,1.6,219.0,82.0,4.2,12.2,604.8,0.4,0.6,,823.0,10000.0,0.09,,,182.0,88.0
DR056,"Noni leaf (Indian mulberry), fresh",KZGPI-1990,4.4. SAYURAN DAN HASIL OLAHANNYA,single,40,80.9,65,4.0,1.7,11.4,3.9,2.0,296.0,40.0,6.9,,,,,0.0,2.0,4958.0,0.01,0.1,5.7,35.0,90.0
DR057,"Ndusuk leaf, fresh",KZGMI-2001,4.4. SAYURAN DAN HASIL OLAHANNYA,single,40,56.0,166,1.7,0.5,38.8,10.7,3.0,40.0,20.0,1.8,40.0,310.0,0.2,0.7,,14457.0,,0.4,0.1,0.1,30.0,
DR058,"Ridge gourd (luffa) leaf, fresh",DABM-1964,4.4. SAYURAN DAN HASIL OLAHANNYA,single,40,93.0,22,1.0,0.1,5.3,2.0,0.6,21.0,44.0,2.0,39.9,295.5,0.1,0.2,,855.0,1000.0,0.08,0.1,0.8,150.0,65.0
DR059,"Fern frond, fresh",KZGPI-1990,4.4. SAYURAN DAN HASIL OLAHANNYA,single,40,86.8,39,4.5,0.4,6.9,2.0,1.4,136.0,159.0,2.3,20.1,201.9,0.2,0.3,0.0,1625.0,3292.0,0.02,0.1,0.5,3.0,70.0
DR060,"Longgiho fern frond, fresh",KZGMI-2001,4.4. SAYURAN DAN HASIL OLAHANNYA,single,40,89.5,54,2.2,3.6,3.1,2.1,1.6,40.0,80.0,0.7,70.0,500.0,0.4,0.1,,168.0,,0.4,0.3,0.2,8.0,70.0
DR061,"Wambateu fern frond, fresh",KZGMI-2001,4.4. SAYURAN DAN HASIL OLAHANNYA,single,40,86.9,53,3.4,1.2,7.2,4.8,1.3,30.0,100.0,0.3,20.0,200.0,0.2,0.3,,191.0,,0.7,0.2,0.3,6.0,70.0
DR062,"Edible fern frond, fresh",KZGMI-2001,4.4. SAYURAN DAN HASIL OLAHANNYA,single,40,88.8,29,3.4,0.1,6.5,4.3,1.2,13.0,88.0,1.3,19.0,434.0,0.5,0.7,,18.0,,0.2,0.1,11.7,10.0,70.0
DR063,"Pangium (pangi) leaf, fresh",KZGMI-2001,4.4. SAYURAN DAN HASIL OLAHANNYA,single,40,76.1,104,3.9,0.6,17.9,8.3,1.5,256.0,22.0,1.8,4.0,266.0,1.7,0.5,,55.0,,0.4,0.1,0.1,23.0,90.0
DR064,"Bitter melon leaf, fresh",KZGMI-2001,4.4. SAYURAN DAN HASIL OLAHANNYA,single,40,87.3,49,2.7,1.0,8.4,3.0,1.6,217.0,70.0,3.3,7.0,498.0,0.4,1.2,,1800.0,,0.4,0.2,0.6,7.0,
DR065,"Papaya leaf, fresh",DABM-1964,4.4. SAYURAN DAN HASIL OLAHANNYA,single,40,75.4,87,8.0,2.0,11.9,1.5,2.7,353.0,63.0,0.8,4.4,926.6,0.2,1.5,,5409.0,18250.0,0.15,0.5,1.9,140.0,71.0
DR066,"Pohpohan leaf (Pilea), fresh",KZGPI-1990,4.4. SAYURAN DAN HASIL OLAHANNYA,single,40,87.4,37,2.5,0.8,6.9,2.6,2.4,744.0,80.0,5.9,,,,,0.0,,7378.0,0.03,,,5.0,69.0
DR067,"Sweet basil leaf, fresh",KZGMI-2001,4.4. SAYURAN DAN HASIL OLAHANNYA,single,40,83.1,62,4.0,0.5,10.5,5.3,1.9,122.0,16.0,13.9,3.0,259.0,0.4,0.7,0.0,4112.0,,0.5,0.1,0.2,24.0,53.0
DR068,"Water clover leaf (semanggi), fresh",KZGPI-1990,4.4. SAYURAN DAN HASIL OLAHANNYA,single,40,84.7,45,4.4,0.5,8.5,1.9,1.9,98.0,90.0,7.0,64.2,520.7,0.5,0.3,0.0,64.0,3365.0,0.01,0.5,0.7,6.0,90.0
DR069,"Simpur leaf (Dillenia), fresh",KZGPI-1990,4.4. SAYURAN DAN HASIL OLAHANNYA,single,40,86.2,53,3.2,2.5,7.6,1.6,0.9,228.0,194.0,3.5,,,,,0.0,,3346.0,0.02,,,5.0,100.0
DR070,"Singkil leaf, fresh",KZGPI-1990,4.4. SAYURAN DAN HASIL OLAHANNYA,single,40,80.9,68,2.0,1.0,15.2,3.3,0.9,178.0,86.0,2.1,,,,,,,6042.0,0.02,,,3.0,70.0
DR071,"Cassava leaf, fresh",KZGPI-1990,4.4. SAYURAN DAN HASIL OLAHANNYA,single,40,84.4,50,6.2,1.1,7.1,2.4,1.2,166.0,99.0,1.3,16.5,23.1,0.1,2.0,0.0,3204.0,7052.0,0.04,0.1,1.8,103.0,87.0
DR072,"Ambon cassava leaf, fresh",DABM-1964,4.4. SAYURAN DAN HASIL OLAHANNYA,single,40,58.0,144,12.7,1.2,25.2,10.2,2.9,165.0,54.0,3.9,44.4,62.2,0.2,5.4,,8627.0,13000.0,0.21,1.0,4.2,220.0,87.0
DR073,"Ampenan cassava leaf, fresh",KZGMI-2001 PANGAN,4.4. SAYURAN DAN HASIL OLAHANNYA,single,40,84.4,50,6.2,1.1,7.1,2.4,1.2,352.0,123.0,2.7,49.0,570.0,0.2,1.3,,7917.0,,0.5,0.1,1.6,103.0,87.0
DR074,"Kopang cassava leaf, fresh",KZGMI-2001,4.4. SAYURAN DAN HASIL OLAHANNYA,single,41,81.1,74,6.3,0.7,10.7,4.6,1.2,142.0,115.0,1.7,32.0,382.0,0.2,1.5,,3882.0,,0.5,0.5,1.9,211.0,87.0
DR075,"Sintrong (Crassocephalum) leaf, fresh",KZGPI-1990,4.4. SAYURAN DAN HASIL OLAHANNYA,single,41,88.5,36,2.6,0.9,6.1,1.7,1.9,398.0,95.0,9.3,64.1,444.4,0.1,0.4,0.0,10178.0,8868.0,0.03,0.2,0.9,3.0,94.0
DR076,"Taro leaf, fresh",KZGPI-1990,4.4. SAYURAN DAN HASIL OLAHANNYA,single,41,81.1,59,3.0,0.4,13.5,3.0,2.0,236.0,50.0,2.4,4.0,854.1,0.4,0.5,0.0,3816.0,5740.0,0.07,0.6,2.0,24.0,80.0
DR077,"Tespong (Oenanthe) leaf, fresh",DABM-1964,4.4. SAYURAN DAN HASIL OLAHANNYA,single,41,81.0,70,2.9,0.3,13.9,2.3,1.9,155.0,65.0,2.5,72.4,,0.15,0.9,,171.0,2500.0,0.05,0.7,1.4,21.0,60.0
DR078,"Yellow sweet potato leaf, fresh",KZGMI-2001,4.4. SAYURAN DAN HASIL OLAHANNYA,single,41,83.5,62,3.7,0.3,11.1,6.4,1.4,170.0,40.0,0.6,10.0,0.0,0.2,0.5,,3564.0,,0.3,0.3,1.2,4.0,75.0
DR079,"Red sweet potato leaf, fresh",KZGPI-1990,4.4. SAYURAN DAN HASIL OLAHANNYA,single,41,84.4,48,3.0,0.3,10.8,1.4,1.5,80.0,81.0,6.4,32.8,517.3,0.0,0.4,0.0,5453.0,4697.0,0.1,0.2,1.2,27.0,75.0
DR080,"White sweet potato leaf, fresh",KZGMI-2001,4.4. SAYURAN DAN HASIL OLAHANNYA,single,41,87.5,46,2.8,0.2,8.2,4.8,1.3,120.0,50.0,0.8,10.0,0.0,0.2,0.5,,103.0,,0.3,0.3,0.9,8.0,75.0
DR081,"Purple sweet potato leaf, fresh",KZGMI-2001,4.4. SAYURAN DAN HASIL OLAHANNYA,single,41,85.1,55,1.7,0.1,11.9,7.6,1.2,120.0,40.0,0.6,10.0,0.0,0.2,0.5,,516.0,,0.2,0.0,0.0,7.0,75.0
DR082,"Water hyacinth (eceng gondok), fresh",DABM-1964,4.4. SAYURAN DAN HASIL OLAHANNYA,single,41,93.0,19,1.0,0.2,3.8,1.8,2.0,80.0,45.0,3.7,44.8,634.1,,,,7.0,1000.0,0.08,0.1,0.7,50.0,70.0
DR083,"Angled ridge gourd (luffa), fresh",DABM-1964,4.4. SAYURAN DAN HASIL OLAHANNYA,single,41,94.5,19,0.8,0.2,4.1,1.3,0.4,19.0,33.0,0.9,22.9,109.1,0.0,0.1,,17.0,380.0,0.03,0.0,0.4,8.0,85.0
DR084,"Floating heart (genjer), fresh",DABM-1964,4.4. SAYURAN DAN HASIL OLAHANNYA,single,41,90.0,35,1.7,0.2,7.7,2.5,0.4,62.0,33.0,2.1,64.0,905.8,,,,,3800.0,0.07,0.1,1.1,54.0,70.0
DR085,"Young corn (baby corn), fresh",DABM-1964,4.4. SAYURAN DAN HASIL OLAHANNYA,single,41,89.5,35,2.2,0.1,7.4,1.9,0.8,7.0,100.0,0.5,353.0,230.2,0.1,0.8,0.0,23.0,200.0,0.08,0.16,0.9,8.0,100.0
DR086,Encik mushroom,KZGMI-2001,4.4. SAYURAN DAN HASIL OLAHANNYA,single,41,24.8,296,9.4,1.1,62.0,,2.7,5.0,277.0,5.3,2.0,0.0,0.2,3.1,,,,1.1,0.1,,,95.0
DR087,"Wood ear mushroom, dried",DABM-1964,4.4. SAYURAN DAN HASIL OLAHANNYA,single,41,14.9,294,16.0,0.9,64.6,46.5,3.6,51.0,223.0,6.7,173.8,726.1,0.29,5.5,0.0,11.0,0.0,0.11,0.6,2.7,0.0,100.0
DR088,"Wood ear mushroom, fresh",DABM-1964,4.4. SAYURAN DAN HASIL OLAHANNYA,single,41,93.7,21,3.8,0.6,0.9,5.1,1.0,3.0,94.0,1.7,17.3,33.4,0.19,0.1,0.0,1.0,0.0,0.1,0.09,0.1,5.0,100.0
DR089,"Straw mushroom, fresh",BKP,4.4. SAYURAN DAN HASIL OLAHANNYA,single,41,91.5,30,3.5,0.2,4.0,2.4,0.8,14.0,117.0,1.0,6.3,300.0,0.3,0.8,,0.0,0.0,0.02,0.2,0.5,0.0,100.0
DR090,"Oyster mushroom, fresh",BKP,4.4. SAYURAN DAN HASIL OLAHANNYA,single,41,92.5,30,1.9,0.1,5.5,3.6,0.6,9.0,83.0,0.7,22.0,226.0,0.0,0.8,,0.0,0.0,0.3,0.2,1.0,0.0,100.0
DR091,Sago mushroom,KZGMI-2001,4.4. SAYURAN DAN HASIL OLAHANNYA,single,41,91.3,48,1.9,3.2,2.8,1.0,0.8,10.0,90.0,0.6,100.0,440.0,0.6,0.6,,0.0,,0.2,0.2,6.5,,95.0
DR092,"Banana blossom (banana flower), fresh",DABM-1964,4.4. SAYURAN DAN HASIL OLAHANNYA,single,41,90.2,32,1.2,0.3,7.1,3.2,1.2,30.0,50.0,0.1,3.0,524.0,0.09,0.3,0.0,201.0,170.0,0.05,0.03,0.8,10.0,25.0
DR093,"Jengkol bean (Archidendron), fresh",KZGMI-2001,4.4. SAYURAN DAN HASIL OLAHANNYA,single,42,52.7,192,5.4,0.3,40.7,1.5,0.9,4.0,150.0,0.7,60.0,241.0,0.3,0.6,,,,0.05,0.2,0.5,31.0,95.0
DR094,"Toothache plant (jotang), fresh",DABM-1964,4.4. SAYURAN DAN HASIL OLAHANNYA,single,42,89.0,34,1.9,0.3,7.1,3.5,1.7,162.0,41.0,4.0,58.5,388.5,0.3,1.2,,2.0,3918.0,0.03,,0.4,20.0,70.0
DR095,"Kabau vegetable, fresh",KZGMI-2001,4.4. SAYURAN DAN HASIL OLAHANNYA,single,42,67.2,130,6.7,0.3,25.2,2.9,0.6,4.0,204.0,0.5,1.0,397.8,0.2,0.5,,165.0,,0.8,0.1,0.3,16.0,95.0
DR096,"Mecca bean pod, fresh",KZGPI-1990,4.4. SAYURAN DAN HASIL OLAHANNYA,single,42,93.6,22,1.1,1.0,3.4,1.1,0.9,63.0,296.0,1.0,2.2,69.2,0.3,,0.0,197.0,116.0,0.02,,0.4,0.0,91.0
DR097,"Long bean (yard-long bean), fresh",KZGMI-2001,4.4. SAYURAN DAN HASIL OLAHANNYA,single,42,91.8,31,2.3,0.1,5.3,2.7,0.5,60.0,64.0,0.6,30.0,213.0,0.1,0.5,0.0,125.0,,0.7,0.1,0.3,46.0,92.0
DR098,Ranti bean pod,KZGPI-1990,4.4. SAYURAN DAN HASIL OLAHANNYA,single,42,88.5,37,3.1,0.2,7.9,2.5,0.3,103.0,126.0,0.8,,,,,,,2312.0,0.02,,,6.0,83.0
DR099,"Kalakai fern, fresh",KZGMI-2001,4.4. SAYURAN DAN HASIL OLAHANNYA,single,42,89.9,38,2.4,0.2,6.6,5.8,0.9,18.0,90.0,1.1,7.0,443.0,0.4,0.9,,44.0,,0.3,0.1,,8.0,70.0
DR100,"Water spinach (kangkong), fresh",KZGPI-1990,4.4. SAYURAN DAN HASIL OLAHANNYA,single,42,91.0,28,3.4,0.7,3.9,2.0,1.0,67.0,54.0,2.3,64.9,250.1,0.13,0.4,,2868.0,5542.0,0.07,0.36,2.0,17.0,60.0
DR101,Tondano water spinach,KZGMI-2001,4.4. SAYURAN DAN HASIL OLAHANNYA,single,42,88.5,43,1.8,0.2,8.4,4.3,1.1,72.0,9.0,0.7,30.0,361.0,0.3,0.4,,2741.0,,0.8,0.1,1.1,23.0,60.0
DR102,"Snow pea (young), fresh",DABM-1964,4.4. SAYURAN DAN HASIL OLAHANNYA,single,42,86.8,45,3.3,0.2,9.0,1.8,0.7,51.0,85.0,1.0,1.7,118.4,0.09,0.7,,72.0,440.0,0.2,0.1,0.9,49.0,80.0
DR103,Bitter melon (karawila),KZGMI-2001,4.4. SAYURAN DAN HASIL OLAHANNYA,single,42,93.7,25,2.3,0.2,3.5,2.1,0.3,25.0,67.0,0.3,8.0,88.4,0.08,0.3,,21.0,,0.1,0.1,0.4,39.0,80.0
DR104,"Young winged bean, fresh",DABM-1964,4.4. SAYURAN DAN HASIL OLAHANNYA,single,42,90.4,32,2.9,0.2,5.8,5.5,0.7,63.0,37.0,0.3,3.3,103.8,0.18,0.4,,261.0,595.0,0.24,0.11,0.7,19.0,96.0
DR105,"Torch ginger flower (kecombrang), fresh",KZGPI-1990,4.4. SAYURAN DAN HASIL OLAHANNYA,single,42,90.0,34,0.9,1.0,6.7,2.6,1.4,60.0,16.0,1.0,47.1,650.6,,,0.0,0.0,73.0,0.0,0.02,0.8,0.0,100.0
DR106,"Breadfruit (kluwih), fresh",DABM-1964,4.4. SAYURAN DAN HASIL OLAHANNYA,single,42,70.0,118,1.5,0.3,27.2,5.0,1.0,28.0,32.0,0.9,2.0,500.9,0.09,0.1,,0.0,20.0,0.1,0.03,0.9,19.0,77.0
DR107,"Sesban flower (turi), fresh",DABM-1964,4.4. SAYURAN DAN HASIL OLAHANNYA,single,42,87.4,51,1.8,0.6,9.6,5.0,0.6,23.0,29.0,0.9,22.4,275.3,0.15,0.9,,201.0,105.0,0.13,0.12,0.6,41.0,83.0
DR108,"Sea purslane (kerokot), fresh",DABM-1964,4.4. SAYURAN DAN HASIL OLAHANNYA,single,42,93.0,26,1.7,0.4,3.8,1.0,1.1,103.0,39.0,3.6,3.6,240.5,0.23,0.9,,0.0,2550.0,0.03,0.09,0.2,25.0,80.0
DR109,"Cucumber, fresh",KZGPI-1990,4.4. SAYURAN DAN HASIL OLAHANNYA,single,42,97.9,8,0.2,0.2,1.4,0.3,0.3,29.0,95.0,0.8,1.7,57.1,0.02,0.1,0.0,18.0,314.0,0.01,0.02,0.1,1.0,55.0
DR110,"Krai cucumber, fresh",KZGPI-1990,4.4. SAYURAN DAN HASIL OLAHANNYA,single,42,96.8,10,0.5,0.2,2.0,0.6,0.5,20.0,98.0,1.0,9.7,82.1,0.03,0.1,0.0,19.0,21.0,0.02,0.03,0.1,3.0,82.0
DR111,"Madura cucumber, fresh",KZGPI-1990,4.4. SAYURAN DAN HASIL OLAHANNYA,single,42,97.1,9,0.5,0.1,1.9,0.7,0.4,15.0,102.0,0.6,2.4,78.9,0.02,0.1,0.0,25.0,0.0,0.02,0.02,0.1,5.0,89.0
DR112,"Hyacinth bean (komak), fresh",KZGMI-2001 PANGAN,4.4. SAYURAN DAN HASIL OLAHANNYA,single,42,74.3,99,3.3,0.1,21.2,10.3,1.1,50.0,99.0,13.1,15.0,567.0,0.2,0.6,,5.0,,0.2,0.19,0.1,,80.0
DR113,Cauliflower,DABM-1964,4.4. SAYURAN DAN HASIL OLAHANNYA,single,43,91.7,25,2.4,0.2,4.9,1.6,0.8,22.0,72.0,1.1,46.5,187.0,0.04,0.3,,24.0,90.0,0.11,0.09,0.6,69.0,57.0
DR114,Red cabbage and white cabbage,DABM-1964,4.4. SAYURAN DAN HASIL OLAHANNYA,single,43,92.4,29,1.4,0.2,5.3,1.9,0.9,46.0,31.0,0.5,28.3,236.8,0.29,0.3,,46.0,80.0,0.06,0.07,0.3,50.0,75.0
DR115,Koro kerupuk bean pod,DABM-1964,4.4. SAYURAN DAN HASIL OLAHANNYA,single,43,67.2,128,8.3,0.7,22.1,,1.7,17.0,12.0,2.7,,,,,,,80.0,0.11,,,31.0,68.0
DR116,Sword bean pod,DABM-1964,4.4. SAYURAN DAN HASIL OLAHANNYA,single,43,88.0,46,3.0,0.3,7.9,3.3,0.8,56.0,47.0,1.1,2.0,249.3,0.09,0.4,,66.0,870.0,0.09,0.09,0.5,17.0,70.0
DR117,"Garlic chives, fresh",DABM-1964,4.4. SAYURAN DAN HASIL OLAHANNYA,single,43,86.3,45,2.2,0.3,10.3,4.8,0.9,52.0,50.0,1.1,21.4,439.5,0.11,0.5,,2685.0,40.0,0.11,0.2,1.8,17.0,52.0
DR118,"Young garlic chives (lokio), fresh",DABM-1964,4.4. SAYURAN DAN HASIL OLAHANNYA,single,43,86.0,42,3.8,0.6,7.8,4.9,1.8,76.0,91.0,2.5,21.8,449.1,0.11,0.5,,2744.0,500.0,0.11,0.2,1.8,59.0,100.0
DR119,Melinjo nut skin,KZGPI-1990,4.4. SAYURAN DAN HASIL OLAHANNYA,single,43,71.9,111,4.5,1.1,20.7,5.0,1.8,117.0,179.0,2.6,,,,,0.0,,1267.0,0.07,,,7.0,100.0
DR120,"Wax gourd (winter melon), fresh",KZGMI-2001,4.4. SAYURAN DAN HASIL OLAHANNYA,single,43,94.0,22,0.4,0.2,4.7,1.3,0.7,3.0,54.0,0.5,2.0,200.0,0.1,0.3,,7.0,,0.1,0.03,0.4,1.0,57.0
DR121,"Bottle gourd, fresh",DABM-1964,4.4. SAYURAN DAN HASIL OLAHANNYA,single,43,95.0,19,0.6,0.2,3.8,0.6,0.4,12.0,18.0,0.6,2.2,168.2,0.03,0.8,,11.0,70.0,0.04,0.02,0.4,10.0,80.0
DR122,"Yellow pumpkin, fresh",KZGMI-2001,4.4. SAYURAN DAN HASIL OLAHANNYA,single,43,86.6,51,1.7,0.5,10.0,2.7,1.2,40.0,180.0,0.7,280.0,220.0,0.35,1.5,,1569.0,,0.2,0.0,0.1,2.0,74.0
DR123,"Chayote, fresh",DABM-1964,4.4. SAYURAN DAN HASIL OLAHANNYA,single,43,92.3,30,0.6,0.1,6.7,6.2,0.3,14.0,25.0,0.5,2.7,167.1,0.16,1.0,,48.0,20.0,0.02,0.0,0.6,18.0,83.0
DR124,"Pumpkin (waluh), fresh",DABM-1964,4.4. SAYURAN DAN HASIL OLAHANNYA,single,43,91.2,32,1.1,0.1,6.6,0.5,1.0,45.0,64.0,1.4,1.0,356.2,0.13,0.3,,712.0,180.0,0.08,0.12,0.6,52.0,77.0
DR125,"Lantar vegetable, fresh",KZGMI-2001,4.4. SAYURAN DAN HASIL OLAHANNYA,single,43,91.2,34,2.2,0.3,5.5,2.9,0.8,10.0,58.0,0.4,3.0,155.0,0.2,0.4,,38.0,,0.3,0.07,0.4,4.0,
DR126,"Radish (daikon), fresh",DABM-1964,4.4. SAYURAN DAN HASIL OLAHANNYA,single,43,94.1,21,0.9,0.1,4.2,1.4,0.7,35.0,26.0,0.6,49.3,109.3,0.03,0.2,,0.0,10.0,0.03,0.04,0.3,32.0,87.0
DR127,"Sunberry (leunca), fresh",KZGMI-2001,4.4. SAYURAN DAN HASIL OLAHANNYA,single,43,90.5,38,1.1,0.3,7.6,2.0,0.5,7.0,55.0,1.0,2.0,,0.1,0.3,,25.0,,0.2,0.1,0.6,17.0,95.0
DR128,"Melinjo nut (gnetum gnemon), fresh",DABM-1964,4.4. SAYURAN DAN HASIL OLAHANNYA,single,43,80.0,66,5.0,0.7,13.3,,1.0,163.0,75.0,2.8,,,,,,,1000.0,0.1,,,100.0,60.0
DR129,Mustard greens (sawi),KZGMI-2001,4.4. SAYURAN DAN HASIL OLAHANNYA,single,43,91.4,33,2.3,0.5,4.7,1.8,1.1,60.0,30.0,3.1,20.0,100.0,0.1,0.4,,1575.0,,0.2,0.1,0.1,12.0,85.0
DR130,"Young jackfruit, fresh",DABM-1964,4.4. SAYURAN DAN HASIL OLAHANNYA,single,43,85.4,57,2.0,0.4,11.3,8.3,0.9,45.0,29.0,0.5,1.1,246.5,0.04,0.1,,21.0,25.0,0.07,0.06,0.7,9.0,80.0
DR131,"White bitter melon, fresh",KZGPI-1990,4.4. SAYURAN DAN HASIL OLAHANNYA,single,43,94.4,19,1.0,0.4,3.6,1.3,0.6,31.0,65.0,0.9,4.7,277.7,0.03,0.8,0.0,197.0,80.0,0.18,0.04,0.4,58.0,80.0
DR132,"Snake bitter melon, fresh",KZGMI-2001,4.4. SAYURAN DAN HASIL OLAHANNYA,single,43,95.1,19,0.6,0.1,3.9,1.0,0.3,20.0,10.0,0.4,130.0,30.0,0.1,0.1,,69.0,,0.1,0.1,0.1,9.0,97.0
DR133,"Young papaya, fresh",DABM-1964,4.4. SAYURAN DAN HASIL OLAHANNYA,single,44,92.3,29,2.1,0.1,4.9,2.1,0.6,50.0,16.0,0.4,21.9,211.2,0.01,0.0,,0.0,50.0,0.02,0.03,0.3,19.0,65.0
DR134,"Stinky bean (petai), fresh",KZGMI-2001,4.4. SAYURAN DAN HASIL OLAHANNYA,single,44,77.2,92,5.4,1.1,15.2,2.0,1.1,14.0,170.0,1.6,55.0,221.0,0.2,0.8,,114.0,,0.8,0.1,6.1,34.0,36.0
DR135,"Parsley, fresh",DABM-1964,4.4. SAYURAN DAN HASIL OLAHANNYA,single,44,83.9,53,3.7,1.0,9.0,0.0,2.4,193.0,84.0,4.3,18.2,1125.6,0.2,1.4,,2940.0,8230.0,0.11,0.29,0.7,193.0,95.0
DR136,"Young sunberry shoot (leunca), fresh",KZGMI-2001,4.4. SAYURAN DAN HASIL OLAHANNYA,single,44,91.0,33,4.5,0.4,2.8,,1.3,13.0,75.0,2.9,2.0,0.0,0.2,0.6,,,,0.5,0.1,,41.0,70.0
DR137,"Sensitive plant (mimosa), fresh",KZGMI-2001,4.4. SAYURAN DAN HASIL OLAHANNYA,single,44,80.2,76,3.6,0.3,14.6,7.1,1.3,119.0,84.0,3.3,1.0,631.0,0.6,1.4,,4762.0,,0.6,0.6,,6.0,
DR138,"Bamboo shoot, fresh",KZGMI-2001,4.4. SAYURAN DAN HASIL OLAHANNYA,single,44,93.3,25,0.8,0.1,5.3,9.7,0.5,3.0,5.0,0.5,3.0,206.0,0.1,0.4,,10.0,,0.2,0.07,0.5,0.0,28.0
DR139,"Pea eggplant (rimbang), fresh",KZGMI-2001,4.4. SAYURAN DAN HASIL OLAHANNYA,single,44,80.8,75,1.6,0.6,15.8,10.0,1.2,55.0,97.0,0.6,20.0,234.0,0.4,0.4,,51.0,,0.4,0.1,1.3,38.0,95.0
DR140,Seaweed,KZGMI-2001,4.4. SAYURAN DAN HASIL OLAHANNYA,single,44,87.0,41,1.4,0.3,8.1,2.2,3.2,80.0,20.0,1.6,250.0,380.0,0.2,0.4,,1958.0,,0.2,0.0,0.1,7.0,100.0
DR141,"Mustard greens, fresh",DABM-1964,4.4. SAYURAN DAN HASIL OLAHANNYA,single,44,92.2,28,2.3,0.3,4.0,2.5,1.2,220.0,38.0,2.9,21.9,436.5,0.12,0.2,,2042.0,6460.0,0.09,0.23,0.7,102.0,87.0
DR142,"Napa cabbage (Chinese cabbage), fresh",KZGPI-1990,4.4. SAYURAN DAN HASIL OLAHANNYA,single,44,96.6,9,1.0,0.1,1.7,0.8,0.6,56.0,42.0,1.1,5.0,193.1,0.05,0.1,0.0,862.0,832.0,0.05,0.18,0.4,3.0,79.0
DR143,"Taiwan mustard greens, fresh",KZGMI-2001,4.4. SAYURAN DAN HASIL OLAHANNYA,single,44,91.8,30,1.9,0.5,4.4,2.7,1.4,100.0,58.0,1.6,27.0,217.0,0.1,0.7,,1340.0,,0.2,0.1,0.6,33.0,85.0
DR144,"Ground mustard greens, fresh",KZGMI-2001,4.4. SAYURAN DAN HASIL OLAHANNYA,single,44,94.9,19,1.3,0.2,2.9,2.2,1.0,92.0,45.0,1.2,17.0,145.0,0.1,0.4,,815.0,,0.2,0.1,0.1,36.0,85.0
DR145,"Lettuce, fresh",DABM-1964,4.4. SAYURAN DAN HASIL OLAHANNYA,single,44,94.8,18,1.2,0.2,2.9,1.8,0.9,22.0,25.0,0.5,18.6,186.4,0.03,0.2,,1526.0,540.0,0.04,0.13,0.4,8.0,69.0
DR146,"Watercress, fresh",KZGPI-1990,4.4. SAYURAN DAN HASIL OLAHANNYA,single,44,93.3,17,3.1,0.2,2.2,0.7,1.2,95.0,152.0,2.4,64.9,260.7,0.11,0.2,0.0,1230.0,3727.0,0.09,0.14,0.7,56.0,70.0
DR147,"Celery, fresh",DABM-1964,4.4. SAYURAN DAN HASIL OLAHANNYA,single,44,93.0,23,1.0,0.1,4.6,2.0,1.3,50.0,40.0,1.0,64.5,258.8,0.08,0.4,,63.0,130.0,0.03,0.07,0.4,11.0,63.0
DR148,"Bean sprouts, fresh",KZGPI-1990,4.4. SAYURAN DAN HASIL OLAHANNYA,single,44,90.4,34,3.7,1.2,4.3,1.1,0.4,166.0,74.0,0.8,18.9,93.3,0.16,0.4,,41.0,20.0,0.09,0.15,1.1,5.0,100.0
DR149,"Soybean sprouts, fresh",DABM-1964,4.4. SAYURAN DAN HASIL OLAHANNYA,single,44,81.0,76,9.0,2.6,6.4,0.7,1.0,50.0,65.0,1.0,4.7,212.4,0.26,0.7,,0.0,110.0,0.23,0.19,1.2,15.0,100.0
DR150,"Cowpea sprouts, fresh",DABM-1964,4.4. SAYURAN DAN HASIL OLAHANNYA,single,44,88.0,40,5.0,0.2,5.8,2.6,1.0,57.0,88.0,1.0,2.1,226.8,0.07,0.5,,299.0,0.0,0.07,0.08,0.8,15.0,90.0
DR151,"Wax sugarcane (tebu lilin), fresh",DABM-1964,4.4. SAYURAN DAN HASIL OLAHANNYA,single,44,91.0,30,4.6,0.4,3.0,0.8,1.0,40.0,80.0,2.0,698.6,,0.2,1.1,,12.0,0.0,0.08,0.2,1.2,50.0,20.0
DR152,"Pea eggplant (tekokak), fresh",DABM-1964,4.4. SAYURAN DAN HASIL OLAHANNYA,single,44,89.0,34,2.0,0.1,7.9,4.9,1.0,50.0,30.0,2.0,2.9,333.3,0.12,0.2,,23.0,750.0,0.08,0.05,0.9,8.0,95.0
DR153,"Pea eggplant (tekokak), dried",DABM-1964 PANGAN,4.4. SAYURAN DAN HASIL OLAHANNYA,single,44,12.3,302,8.3,1.7,72.6,21.2,8.1,370.0,180.0,22.2,8.5,0.0,1044.2,1.0,,187.0,750.0,0.4,0.17,5.1,0.0,100.0
DR154,"Eggplant (aubergine), fresh",DABM-1964,4.4. SAYURAN DAN HASIL OLAHANNYA,composite,45,92.7,28,1.1,0.2,5.5,2.1,0.5,15.0,37.0,0.4,8.9,187.0,0.1,0.1,,46.0,30.0,0.04,0.03,0.5,5.0,100.0
DR155,"Sour eggplant, fresh",KZGMI-2001,4.4. SAYURAN DAN HASIL OLAHANNYA,composite,45,90.5,37,2.0,0.4,6.3,3.2,0.8,13.0,59.0,1.5,3.0,155.0,0.3,0.3,,97.0,,0.2,0.1,0.8,4.0,
DR156,"Tree tomato (tamarillo), fresh",KZGPI-1990,4.4. SAYURAN DAN HASIL OLAHANNYA,composite,45,87.3,52,2.1,1.1,8.6,1.4,1.0,16.0,40.0,1.1,,,,,0.0,,8048.0,0.42,0.06,0.0,12.0,100.0
DR157,"Bengkulu eggplant, fresh",KZGPI-1990,4.4. SAYURAN DAN HASIL OLAHANNYA,composite,45,86.6,52,1.1,0.4,11.2,3.2,0.8,19.0,39.0,1.1,13.7,,0.16,1.0,0.0,85.0,600.0,0.23,0.04,0.0,6.0,100.0
DR158,"Hintalo eggplant, fresh",KZGMI-2001,4.4. SAYURAN DAN HASIL OLAHANNYA,composite,45,89.2,45,1.9,0.8,7.5,5.1,0.6,19.0,268.0,1.0,167.0,142.0,0.6,0.2,,552.0,,0.2,0.4,,4.0,
DR159,Long eggplant,KZGPI-1990,4.4. SAYURAN DAN HASIL OLAHANNYA,composite,45,91.8,25,2.1,0.1,5.3,0.5,0.7,38.0,24.0,0.7,8.8,53.7,0.09,0.2,0.0,83.0,24.0,0.15,0.06,0.7,8.0,100.0
DR160,"Tomato juice, fresh",DABM-1964,4.4. SAYURAN DAN HASIL OLAHANNYA,composite,45,94.0,20,1.0,0.2,3.5,0.4,1.3,7.0,15.0,0.4,9.8,225.2,0.06,0.1,,266.0,600.0,0.05,0.03,0.7,10.0,100.0
DR161,"Red tomato, fresh",KZGPI-1990,4.4. SAYURAN DAN HASIL OLAHANNYA,composite,45,92.9,24,1.3,0.5,4.7,1.5,0.6,8.0,77.0,0.6,9.8,164.9,0.14,0.2,,575.0,2083.0,0.06,0.07,0.4,34.0,100.0
DR162,"Young (green) tomato, fresh",DABM-1964,4.4. SAYURAN DAN HASIL OLAHANNYA,composite,45,93.0,24,2.0,0.7,3.3,1.8,2.0,5.0,27.0,0.5,10.3,210.0,0.07,0.2,,384.0,320.0,0.07,0.04,0.7,30.0,95.0
DR163,"Melinjo flower, fresh",KZGPI-1990,4.4. SAYURAN DAN HASIL OLAHANNYA,composite,45,79.5,82,5.8,1.3,11.7,4.8,1.7,70.0,266.0,2.4,,,,,,,58.0,0.11,0.15,,3.0,89.0
DR164,"Coconut palm heart, fresh",KZGMI-2001,4.4. SAYURAN DAN HASIL OLAHANNYA,composite,45,89.3,39,2.0,0.2,7.2,2.5,1.3,57.0,49.0,,4.0,447.0,0.2,1.4,,16.0,,0.1,0.1,,8.0,
DR165,Rattan palm heart,KZGMI-2001,4.4. SAYURAN DAN HASIL OLAHANNYA,composite,45,90.5,34,2.4,0.3,5.5,2.2,1.3,89.0,79.0,1.3,8.0,552.0,0.2,1.9,,14.0,,0.2,,,9.0,
DR166,"Carrot, fresh",KZGPI-1990,4.4. SAYURAN DAN HASIL OLAHANNYA,composite,45,89.9,36,1.0,0.6,7.9,1.0,0.6,45.0,74.0,1.0,70.0,245.0,0.06,0.3,,3784.0,7125.0,0.04,0.04,1.0,18.0,80.0
DP001,"Spinach (amaranth), steamed",KZGPI-1990,4.4. SAYURAN DAN HASIL OLAHANNYA,composite,45,90.7,30,1.3,0.7,5.8,1.2,1.6,239.0,35.0,5.7,15.0,431.0,0.1,0.3,0.0,2699.0,3750.0,0.02,0.1,0.9,32.0,100.0
DP002,"Spinach (amaranth), boiled",KZGPI-1990,4.4. SAYURAN DAN HASIL OLAHANNYA,composite,45,93.5,23,1.2,0.6,3.7,1.1,1.0,150.0,35.0,0.5,16.0,308.4,0.2,0.3,0.0,3282.0,2864.0,0.02,0.1,0.9,19.0,100.0
DP003,"French bean, boiled",KZGPI-1990,4.4. SAYURAN DAN HASIL OLAHANNYA,composite,45,90.6,30,2.2,0.2,6.4,1.5,0.6,107.0,47.0,0.5,7.0,138.9,0.1,0.3,,1.0,402.0,0.01,0.29,2.0,8.0,100.0
DP004,"Long bean leaf, steamed",KZGPI-1990,4.4. SAYURAN DAN HASIL OLAHANNYA,composite,45,87.2,40,3.7,0.3,8.0,1.8,0.8,111.0,66.0,3.7,6.0,419.5,0.2,0.3,0.0,2645.0,5781.0,0.15,0.2,0.9,11.0,100.0
DP005,"Katuk leaf, boiled",KZGPI-1990,4.4. SAYURAN DAN HASIL OLAHANNYA,composite,45,83.3,53,5.3,0.9,9.1,1.2,1.4,185.0,102.0,3.1,16.0,291.3,0.3,1.3,0.0,11131.0,9000.0,0.0,0.3,2.2,66.0,100.0
DP006,"Moringa leaf, boiled",KZGPI-1990,4.4. SAYURAN DAN HASIL OLAHANNYA,composite,45,80.3,61,6.1,0.9,10.0,0.9,2.6,255.0,36.0,2.1,45.0,181.2,0.1,0.6,,3972.0,6071.0,0.1,0.1,4.0,13.0,100.0
DP007,"Noni leaf, steamed",KZGPI-1990,4.4. SAYURAN DAN HASIL OLAHANNYA,composite,46,81.6,63,3.8,1.5,11.5,2.4,1.6,300.0,43.0,6.0,,,,,,2.0,4900.0,0.08,0.1,5.2,11.0,100.0
DP008,"Cassava leaf, boiled",KZGPI-1990,4.4. SAYURAN DAN HASIL OLAHANNYA,composite,46,90.5,31,3.7,0.6,4.8,1.6,0.4,160.0,50.0,2.6,13.0,14.0,0.1,2.0,,3897.0,4150.0,0.02,0.1,1.7,34.0,100.0
DP009,"Taro leaf, boiled",KZGPI-1990,4.4. SAYURAN DAN HASIL OLAHANNYA,composite,46,91.6,27,1.3,0.2,5.9,1.6,1.0,119.0,41.0,1.4,3.0,519.4,0.5,0.5,0.0,4641.0,2682.0,0.0,0.6,1.9,7.0,100.0
DP010,"Red sweet potato leaf, steamed",KZGPI-1990,4.4. SAYURAN DAN HASIL OLAHANNYA,composite,46,82.5,56,3.1,0.3,13.0,1.5,1.1,78.0,52.0,4.3,28.0,472.8,0.1,0.4,,5277.0,5397.0,0.0,0.2,1.1,14.0,100.0
DP011,"Long bean, steamed",KZGPI-1990,4.4. SAYURAN DAN HASIL OLAHANNYA,composite,46,88.2,39,3.0,0.6,7.6,1.7,0.6,100.0,91.0,1.2,28.0,199.0,0.11,0.5,0.0,131.0,205.0,0.02,0.1,0.3,20.0,100.0
DP012,"Long bean, boiled",KZGPI-1990,4.4. SAYURAN DAN HASIL OLAHANNYA,composite,46,90.9,30,2.3,0.4,5.8,1.4,0.6,71.0,68.0,0.8,24.0,114.5,0.1,0.4,0.0,128.0,162.0,0.0,0.07,0.2,15.0,100.0
DP013,"Water spinach, steamed",KZGPI-1990,4.4. SAYURAN DAN HASIL OLAHANNYA,composite,46,90.4,30,3.2,0.7,4.7,1.8,1.0,70.0,49.0,4.4,45.0,184.9,0.1,0.3,0.0,2370.0,5837.0,0.03,0.28,1.4,11.0,100.0
DP014,"Water spinach, boiled",KZGPI-1990,4.4. SAYURAN DAN HASIL OLAHANNYA,composite,46,93.0,22,2.5,0.6,3.1,1.2,0.8,50.0,51.0,3.5,31.0,98.0,0.1,0.3,0.0,2370.0,4325.0,0.01,0.22,1.2,13.0,100.0
DP015,"White bitter melon, steamed",KZGPI-1990,4.4. SAYURAN DAN HASIL OLAHANNYA,composite,46,95.0,16,0.8,0.2,3.4,1.2,0.6,16.0,33.0,0.5,4.0,236.0,0.0,0.7,,187.0,65.0,0.15,0.04,0.3,35.0,100.0
DP016,"Lettuce, boiled",KZGPI-1990,4.4. SAYURAN DAN HASIL OLAHANNYA,composite,46,93.5,19,2.7,0.2,2.9,0.7,0.7,83.0,74.0,1.4,24.0,160.7,0.05,0.2,,2499.0,3700.0,0.08,0.2,0.6,27.0,100.0
DP017,"Bean sprouts, stir-fried",KZGPI-1990,4.4. SAYURAN DAN HASIL OLAHANNYA,composite,46,79.2,88,3.2,2.1,14.0,0.7,1.5,168.0,50.0,5.7,,,,,2.0,,613.0,0.05,,,0.0,100.0
DP018,"Bean sprouts, blanched",KZGPI-1990,4.4. SAYURAN DAN HASIL OLAHANNYA,composite,46,91.9,28,3.0,0.8,4.0,1.0,0.3,52.0,73.0,0.5,18.0,58.3,0.19,0.4,,46.0,18.0,0.1,0.0,0.9,2.0,87.0
DP019,"Long eggplant, steamed",KZGPI-1990,4.4. SAYURAN DAN HASIL OLAHANNYA,composite,46,92.7,23,1.8,0.1,4.9,0.4,0.5,40.0,13.0,0.5,9.0,57.0,67.1,0.2,0.0,99.0,20.0,0.0,0.07,0.7,1.0,100.0
DP020,"Carrot, boiled",KZGPI-1990,4.4. SAYURAN DAN HASIL OLAHANNYA,composite,46,92.1,28,0.7,0.5,6.3,0.8,0.4,46.0,28.0,0.6,41.0,117.3,0.1,0.2,0.0,3824.0,5396.0,0.01,0.03,0.7,12.0,100.0
DP021,"Carrot, steamed",KZGPI-1990,4.4. SAYURAN DAN HASIL OLAHANNYA,composite,46,89.5,37,1.0,0.6,8.3,1.1,0.6,44.0,30.0,0.6,43.0,122.5,0.11,0.3,0.0,3994.0,7150.0,0.02,0.03,0.8,14.0,100.0
DP022,Bogor pickled vegetables (asinan Bogor),KZGMS-1993,4.4. SAYURAN DAN HASIL OLAHANNYA,composite,46,78.0,98,3.9,2.6,14.8,0.5,0.7,314.0,17.0,1.2,483.0,,,,10.0,,146.0,0.28,,,5.0,100.0
DP023,Anyang vegetable dish,KZGMI-2001,4.4. SAYURAN DAN HASIL OLAHANNYA,composite,46,76.9,126,3.4,7.9,10.3,5.4,1.5,180.0,1.0,2.9,290.0,181.0,0.3,1.2,,3263.0,,0.2,,,,100.0
DP024,Banana trunk vegetable dish (ares),KZGMI-2001,4.4. SAYURAN DAN HASIL OLAHANNYA,composite,46,77.7,113,0.9,7.2,11.2,4.7,3.0,63.0,5.0,1.5,1413.0,1030.0,0.7,3.8,,6.0,,0.1,,0.5,,100.0
DP025,Arwan sirsir vegetable dish,KZGMI-2001,4.4. SAYURAN DAN HASIL OLAHANNYA,composite,46,59.0,277,2.4,25.0,10.7,4.6,2.9,120.0,40.0,2.4,240.0,320.0,0.2,0.9,,1578.0,,0.1,0.2,0.0,11.0,100.0
DP026,Eggplant and long bean salad (beberuk),KZGMI-2001,4.4. SAYURAN DAN HASIL OLAHANNYA,composite,46,89.1,65,1.1,5.2,3.5,3.1,1.1,179.0,72.0,8.3,53.0,427.0,0.4,0.2,,44.0,,0.3,,4.4,,100.0
DP027,Steamed leucaena in banana leaf (botok),KZGPI-1990 PANGAN,4.4. SAYURAN DAN HASIL OLAHANNYA,composite,46,63.9,186,11.7,9.7,13.0,2.1,2.2,771.0,322.0,26.0,,,,,18.0,,179.0,0.27,,,2.0,100.0
DP028,Stuffed taro leaf rolls (buntil),KZGPI-1990,4.4. SAYURAN DAN HASIL OLAHANNYA,composite,47,74.5,141,4.4,10.2,8.0,1.8,3.0,149.0,121.0,14.5,,,,,13.0,,8610.0,0.25,,,1.0,100.0
DP029,Cammetutu taro porridge dish,KZGMI-2001,4.4. SAYURAN DAN HASIL OLAHANNYA,composite,47,79.6,102,3.2,6.0,8.7,4.3,2.5,41.0,93.0,0.5,443.0,518.0,0.3,0.7,,1123.0,,0.3,0.4,0.4,19.0,100.0
DP030,Stir-fried mixed vegetables (cap cai),KZGMS-1993,4.4. SAYURAN DAN HASIL OLAHANNYA,composite,47,82.7,97,5.8,6.3,4.2,0.6,1.0,287.0,89.0,1.8,405.0,,,,45.0,,1640.0,0.21,,,1.0,100.0
DP031,Peanut sauce mixed vegetable salad (gado-gado),KZGPI-1990,4.4. SAYURAN DAN HASIL OLAHANNYA,composite,47,68.5,137,6.1,3.2,21.0,1.1,1.5,301.0,135.0,7.5,,,,,3.0,,5929.0,0.1,,,1.0,100.0
DP032,Young jackfruit stew (gudeg),KZGPI-1990,4.4. SAYURAN DAN HASIL OLAHANNYA,composite,47,69.2,160,3.3,9.2,16.0,2.3,2.1,62.0,55.0,12.8,,,,,0.0,,166.0,0.15,,,0.0,100.0
DP033,Fern curry (gulai pakis),KZGPI-1990,4.4. SAYURAN DAN HASIL OLAHANNYA,composite,47,76.1,143,4.0,11.4,6.0,1.4,2.6,548.0,124.0,1.7,,,,,11.0,,9802.0,0.35,,,1.0,100.0
DP034,Dried coconut curry (gulai pliek),KZGMI-2001,4.4. SAYURAN DAN HASIL OLAHANNYA,composite,47,71.9,176,7.3,14.9,3.2,,2.7,39.0,54.0,1.4,257.0,285.0,0.3,0.6,,,,,,,,100.0
DP035,Kadada katembe vegetable dish,KZGMI-2001,4.4. SAYURAN DAN HASIL OLAHANNYA,composite,47,80.0,110,4.5,6.9,7.1,3.9,1.5,26.0,77.0,0.0,178.0,131.0,0.2,0.7,,46.0,,0.1,,3.7,23.0,100.0
DP036,Kaparende vegetable dish,KZGMI-2001,4.4. SAYURAN DAN HASIL OLAHANNYA,composite,47,91.7,38,2.4,2.0,2.6,1.5,1.3,126.0,68.0,0.0,170.0,43.0,0.0,0.3,,40.0,,0.1,,3.7,22.0,100.0
DP037,Raw vegetable salad in peanut sauce (karedok),KZGPI-1990,4.4. SAYURAN DAN HASIL OLAHANNYA,composite,47,79.0,92,2.2,3.3,14.1,1.4,1.4,174.0,85.0,2.4,,,,,0.0,,1.0,0.08,,,3.0,100.0
DP038,Spinach chips,KZGPI-1990,4.4. SAYURAN DAN HASIL OLAHANNYA,composite,47,2.3,586,4.9,40.6,50.2,0.5,1.9,236.0,117.0,3.6,,,,,0.0,,4544.0,0.16,,,0.0,100.0
DP039,Kotiu hinela tawang nggole vegetable dish,KZGMI-2001,4.4. SAYURAN DAN HASIL OLAHANNYA,composite,47,88.4,46,2.2,1.5,6.0,3.8,1.9,64.0,44.0,0.0,316.0,103.0,1.6,0.8,,75.0,,0.3,,9.7,7.0,100.0
DP040,Fermented bamboo shoot (lema),KZGMI-2001,4.4. SAYURAN DAN HASIL OLAHANNYA,composite,47,96.3,15,1.0,0.4,1.9,,0.4,17.0,230.0,2.9,3.0,156.0,0.1,0.7,,,,0.3,0.0,,,100.0
DP041,Gedi-wrapped wax cake (lilin bungkus gedi),KZGMI-2001,4.4. SAYURAN DAN HASIL OLAHANNYA,composite,47,84.8,79,2.3,5.2,5.8,2.5,1.9,170.0,70.0,0.9,170.0,50.0,0.2,0.8,,,,0.2,0.1,0.0,18.0,100.0
DP042,Spiced mixed vegetable dish (olah-olah),KZGMI-2001,4.4. SAYURAN DAN HASIL OLAHANNYA,composite,47,83.9,9,2.1,6.0,7.1,4.4,0.9,26.0,3.0,1.2,289.0,266.0,0.3,0.6,,36.0,,0.2,0.1,0.4,,100.0
DP043,Paku hinela wulelenggapaya dish,KZGMI-2001,4.4. SAYURAN DAN HASIL OLAHANNYA,composite,47,83.4,77,3.5,4.6,5.4,3.6,3.1,63.0,85.0,0.0,469.0,37.0,0.3,0.7,,55.0,,0.8,0.1,0.2,4.0,100.0
DP044,Spiced water spinach salad (pelecing kangkung),KZGMI-2001,4.4. SAYURAN DAN HASIL OLAHANNYA,composite,47,83.8,75,2.5,2.8,10.0,5.4,0.9,36.0,3.0,2.1,408.0,381.0,0.1,0.4,,870.0,,0.7,,0.2,12.0,100.0
DP045,Purundawa cassava leaf dish,KZGMI-2001,4.4. SAYURAN DAN HASIL OLAHANNYA,composite,47,91.8,25,1.5,0.5,3.6,1.7,2.6,147.0,39.0,0.0,239.0,201.0,0.1,0.6,,55.0,,0.1,0.1,11.6,2.0,100.0
DP046,Cow muzzle mixed salad (rujak cingur),KZGPI-1990,4.4. SAYURAN DAN HASIL OLAHANNYA,composite,47,70.1,153,11.3,8.4,8.0,1.4,1.4,256.0,143.0,4.4,,,,,18.0,,2880.0,0.16,,,2.0,100.0
DP047,Sour tamarind vegetable soup (sayur asem),KZGPI-1990,4.4. SAYURAN DAN HASIL OLAHANNYA,composite,47,93.2,29,0.7,0.6,5.0,0.6,0.8,40.0,61.0,3.1,,,,,14.0,,2075.0,0.1,,,0.0,100.0
DP048,Papaya flower vegetable soup,KZGMI-2001,4.4. SAYURAN DAN HASIL OLAHANNYA,composite,47,83.4,49,1.7,0.3,9.8,2.7,2.1,220.0,220.0,1.3,90.0,350.0,0.1,0.1,,372.0,,,0.1,0.0,0.0,100.0
DP049,Garu vegetable dish,KZGMI-2001,4.4. SAYURAN DAN HASIL OLAHANNYA,composite,47,70.8,178,2.6,13.9,10.6,8.4,2.1,30.0,130.0,0.9,20.0,120.0,0.1,0.3,,,,0.2,0.1,,9.0,100.0
DP050,Kohu-kohu fresh vegetable dish,KZGMI-2001,4.4. SAYURAN DAN HASIL OLAHANNYA,composite,48,72.8,133,7.3,6.6,11.2,1.2,2.1,40.0,120.0,0.2,20.0,50.0,0.1,0.3,,944.0,,0.2,0.2,,9.0,100.0
DP051,Wax sugarcane vegetable dish (sayur lilin),KZGMI-2001,4.4. SAYURAN DAN HASIL OLAHANNYA,composite,48,90.4,36,2.7,0.7,4.8,1.4,1.4,10.0,90.0,0.1,30.0,44.0,0.2,1.0,,,,0.3,0.2,,18.0,100.0
DP052,Ndusuk vegetable soup,KZGMI-2001,4.4. SAYURAN DAN HASIL OLAHANNYA,composite,48,87.5,49,3.1,2.5,3.6,,3.1,11.0,6.0,0.5,1011.0,88.0,,0.2,,,,0.2,0.1,,15.0,100.0
DP053,Vegetable soup (sayur sop),KZGPI-1990,4.4. SAYURAN DAN HASIL OLAHANNYA,composite,48,92.7,27,1.3,2.0,1.0,0.3,2.7,168.0,57.0,1.8,,,,,20.0,,2569.0,0.1,,,0.0,100.0
DP054,Palm heart vegetable dish,KZGMI-2001,4.4. SAYURAN DAN HASIL OLAHANNYA,composite,48,85.5,67,5.2,2.9,5.1,1.4,1.3,48.0,81.0,3.2,313.0,108.0,0.2,1.1,,21.0,,0.2,,,5.0,100.0
DP055,Rattan heart vegetable dish,KZGMI-2001,4.4. SAYURAN DAN HASIL OLAHANNYA,composite,48,87.6,57,5.4,2.6,3.1,1.6,1.3,184.0,135.0,1.2,256.0,81.0,0.2,0.9,,18.0,0.0,0.2,,,6.0,100.0
DP056,Shabu-shabu hot pot,KZGMS-1993,4.4. SAYURAN DAN HASIL OLAHANNYA,composite,48,87.1,88,3.2,8.0,0.8,0.9,0.9,217.0,48.0,2.9,514.0,,,,82.0,,2000.0,0.2,,,0.0,100.0
DP057,Braised jengkol bean in soy sauce (semur jengkol),KZGMS-1993,4.4. SAYURAN DAN HASIL OLAHANNYA,composite,48,52.7,212,6.0,10.0,29.1,,2.2,77.0,99.0,1.0,,,,,,,81.0,0.14,,,4.0,100.0
DP058,Tinira ninahu nggaluku dish,KZGMI-2001,4.4. SAYURAN DAN HASIL OLAHANNYA,composite,48,91.8,33,1.2,1.3,4.1,3.1,1.5,35.0,35.0,0.0,161.0,119.0,0.2,0.7,,6.0,0.0,0.3,0.0,3.5,10.0,100.0
DP059,Stir-fried spinach in coconut milk,KZGPI-1990,4.4. SAYURAN DAN HASIL OLAHANNYA,composite,48,91.2,48,1.4,4.2,2.6,0.5,0.6,129.0,27.0,0.8,,,,,0.0,,2988.0,0.01,,,22.0,100.0
DP060,Pumpkin in coconut milk (waluh balamak),KZGMI-2001,4.4. SAYURAN DAN HASIL OLAHANNYA,composite,48,89.4,45,0.8,0.9,8.1,7.9,1.0,25.0,25.0,0.5,61.0,15.0,,0.2,,1241.0,0.0,0.2,0.0,0.1,2.0,100.0
DP061,Woku spiced sweet potato dish,KZGMI-2001 PANGAN,4.4. SAYURAN DAN HASIL OLAHANNYA,composite,48,73.0,143,3.1,7.8,15.0,7.0,1.1,195.0,91.0,2.8,353.0,256.0,0.3,1.0,,1519.0,0.0,0.1,,,15.0,100.0
ER001,"Avocado, fresh",DABM-1964,4.5. BUAH DAN HASIL OLAHANNYA,single,49,84.0,85,0.9,6.5,7.7,,0.6,10.0,20.0,0.9,2.0,278.0,0.2,0.4,,189.0,180.0,0.05,0.08,1.0,13.0,61.0
ER002,"Wild grape, fresh",KZGPI-1990,4.5. BUAH DAN HASIL OLAHANNYA,single,49,92.0,30,0.5,0.2,6.8,1.2,0.2,39.0,12.0,1.1,,,,,0.0,,1.0,0.01,,,3.0,100.0
ER003,"Malang apple, fresh",KZGPI-1990,4.5. BUAH DAN HASIL OLAHANNYA,single,49,86.0,57,0.5,0.4,12.8,0.8,0.3,9.0,18.0,0.6,4.0,175.4,110.16,0.0,,26.0,2240.0,0.05,0.03,0.1,5.0,88.0
ER004,"Apple, fresh",DABM-1964,4.5. BUAH DAN HASIL OLAHANNYA,single,49,84.0,58,0.3,0.4,14.9,2.6,0.3,6.0,10.0,0.3,2.0,130.0,124.2,0.3,,30.0,90.0,0.04,0.03,0.1,5.0,88.0
ER005,"Strawberry, fresh",DABM-1964,4.5. BUAH DAN HASIL OLAHANNYA,single,49,90.0,37,0.8,0.5,8.3,,0.5,28.0,27.0,0.8,2.0,43.0,63.52,18.9,,2.0,60.0,0.03,0.0,0.1,60.0,96.0
ER006,"Star fruit (carambola), fresh",DABM-1964,4.5. BUAH DAN HASIL OLAHANNYA,single,49,90.0,36,0.4,0.4,8.8,3.2,0.4,4.0,12.0,1.1,4.0,130.0,,0.1,,29.0,170.0,0.03,,,35.0,86.0
ER007,"Loquat (biwah), fresh",KZGPI-1990,4.5. BUAH DAN HASIL OLAHANNYA,single,49,87.0,51,0.3,0.1,12.1,0.7,0.5,220.0,14.0,0.8,1.0,258.6,0.04,0.0,0.0,,12256.0,0.1,0.02,0.0,4.0,66.0
ER008,"Atung fruit, fresh",DABM-1964,4.5. BUAH DAN HASIL OLAHANNYA,single,49,92.0,23,0.8,0.2,5.2,,1.8,30.0,50.0,4.6,,,,,,,0.0,0.29,,,38.0,80.0
ER009,"Kelenting fruit, fresh",KZGMI-2001,4.5. BUAH DAN HASIL OLAHANNYA,single,49,74.0,110,1.4,2.1,21.4,,1.2,8.0,102.0,1.1,2.0,0.0,0.3,0.9,,,,0.2,0.1,,6.0,77.0
ER010,"Kom fruit, fresh",KZGPI-1990,4.5. BUAH DAN HASIL OLAHANNYA,single,49,34.0,264,4.0,1.1,59.6,9.0,1.7,306.0,92.0,0.8,,,,,0.0,,400.0,0.11,,0.0,9.0,100.0
ER011,"Velvet apple (bisbul), fresh",DABM-1964,4.5. BUAH DAN HASIL OLAHANNYA,single,49,89.0,39,0.7,0.2,9.7,2.0,0.4,43.0,17.0,0.8,1.0,90.0,0.06,0.1,,141.0,55.0,0.02,0.01,0.1,33.0,50.0
ER012,"Red dragon fruit, fresh",BKP,4.5. BUAH DAN HASIL OLAHANNYA,single,49,86.0,71,1.7,3.1,9.1,3.2,0.4,13.0,14.0,0.4,10.0,128.0,0.0,0.4,,0.0,0.0,0.5,0.3,0.5,1.0,66.5
ER013,"White dragon fruit, fresh",BKP,4.5. BUAH DAN HASIL OLAHANNYA,single,49,87.0,56,0.8,1.0,10.9,3.2,0.6,13.0,27.0,0.5,7.0,231.0,0.0,0.4,,0.0,0.0,0.02,0.5,0.9,1.0,73.6
ER014,"Negri fruit, fresh",KZGMI-2001,4.5. BUAH DAN HASIL OLAHANNYA,single,49,86.0,55,1.2,0.1,12.2,5.2,0.8,30.0,40.0,0.2,10.0,0.0,0.1,0.3,,460.0,,0.33,0.03,0.1,9.0,48.0
ER015,"Custard apple (sugar apple), fresh",DABM-1964,4.5. BUAH DAN HASIL OLAHANNYA,single,49,72.0,101,1.7,0.6,25.2,2.8,1.0,27.0,20.0,0.8,5.0,312.5,325.7,0.1,,49.0,,0.08,0.16,0.9,22.0,58.0
ER016,"Rattan fruit, fresh",KZGMI-2001,4.5. BUAH DAN HASIL OLAHANNYA,single,49,79.0,78,0.6,0.3,18.2,,1.5,1.0,7.0,3.4,7.0,495.0,0.3,0.7,,,,0.12,0.0,,5.0,
ER017,"Rukam fruit (Flacourtia), fresh",KZGMI-2001,4.5. BUAH DAN HASIL OLAHANNYA,single,49,71.0,113,0.8,0.3,26.8,7.7,0.8,108.0,52.0,1.2,2.0,219.0,0.3,0.9,,17.0,,0.06,0.01,,20.0,100.0
ER018,"Ruruhi fruit, fresh",KZGMI-2001,4.5. BUAH DAN HASIL OLAHANNYA,single,49,93.0,29,2.1,0.7,3.6,2.6,0.3,6.0,7.0,0.0,36.0,45.0,0.0,0.1,,7.0,,0.06,0.01,,10.0,82.0
ER019,"Tuppa fruit, fresh",KZGMI-2001,4.5. BUAH DAN HASIL OLAHANNYA,single,49,83.0,67,0.4,0.2,15.9,,1.0,12.0,139.0,0.5,2.0,0.0,0.2,0.5,,,,0.04,0.01,,5.0,
ER020,"Carica papaya (mountain papaya), fresh",KZGPI-1990,4.5. BUAH DAN HASIL OLAHANNYA,single,49,93.0,24,1.9,0.2,3.7,1.0,0.9,51.0,33.0,1.8,,,,,0.0,0.0,1000.0,0.32,0.07,0.0,85.0,60.0
ER021,"Cempedak fruit, fresh",DABM-1964,4.5. BUAH DAN HASIL OLAHANNYA,single,49,67.0,116,3.0,0.4,28.6,3.4,1.0,20.0,30.0,1.5,25.0,243.7,,,,79.0,200.0,0.0,,0.5,15.0,30.0
ER023,"Durian, fresh",DABM-1964,4.5. BUAH DAN HASIL OLAHANNYA,single,50,65.0,149,2.5,3.0,21.5,3.5,8.0,7.0,44.0,1.3,1.0,601.0,0.12,0.3,,146.0,175.0,0.1,0.19,136.5,53.0,22.0
ER024,"Java plum (duwet), fresh",KZGPI-1990,4.5. BUAH DAN HASIL OLAHANNYA,single,50,80.0,80,0.5,0.6,18.2,0.9,0.5,33.0,138.0,1.3,16.0,92.7,191.28,0.3,0.0,329.0,0.0,0.02,0.01,2.5,130.0,67.0
ER025,"Wild mango (embacang), fresh",DABM-1964,4.5. BUAH DAN HASIL OLAHANNYA,single,50,73.0,98,1.4,0.2,25.4,1.9,0.5,21.0,15.0,0.5,3.0,250.9,0.13,0.1,,2533.0,1218.0,0.03,0.09,0.7,56.0,65.0
ER026,"Sour encung fruit, fresh",KZGPI-1990,4.5. BUAH DAN HASIL OLAHANNYA,single,50,73.0,122,3.5,4.5,17.5,9.3,1.5,63.0,69.0,3.2,,,,,0.0,,2357.0,0.02,,,0.0,98.0
ER027,"Erbis fruit, fresh",DABM-1964,4.5. BUAH DAN HASIL OLAHANNYA,single,50,80.0,70,0.6,0.0,18.9,7.7,0.5,11.0,50.0,1.1,21.0,257.1,0.06,0.1,,549.0,10.0,0.0,0.1,1.1,16.0,33.0
ER028,Ripe gandaria fruit,DABM-1964,4.5. BUAH DAN HASIL OLAHANNYA,single,50,81.0,68,0.7,0.1,18.0,2.2,0.4,9.0,20.0,1.0,3.0,129.0,,,,329.0,1020.0,0.03,0.07,0.7,111.0,70.0
ER029,"Gatep fruit, fresh",KZGPI-1990,4.5. BUAH DAN HASIL OLAHANNYA,single,50,53.0,191,4.5,1.5,39.7,13.4,1.6,186.0,69.0,3.2,17.0,403.3,0.69,1.3,,51.0,,0.05,0.2,1.8,,100.0
ER030,"Water apple (rose apple), fresh",DABM-1964,4.5. BUAH DAN HASIL OLAHANNYA,single,50,87.0,46,0.6,0.2,11.8,2.1,0.8,8.0,9.0,1.1,11.0,321.2,,0.1,,92.0,,0.02,0.38,4.6,5.0,90.0
ER031,Guava,DABM-1964,4.5. BUAH DAN HASIL OLAHANNYA,single,50,86.0,64,0.9,0.3,12.2,2.4,0.6,14.0,28.0,1.1,10.0,52.8,0.02,0.3,,27.0,25.0,0.02,0.03,0.8,87.0,82.0
ER032,White seedless guava,KZGPI-1990,4.5. BUAH DAN HASIL OLAHANNYA,single,50,83.0,61,0.9,0.3,15.4,4.5,0.6,31.0,41.0,0.2,20.0,103.0,0.04,0.5,,53.0,18.0,1.02,0.06,1.3,116.0,82.0
ER033,"Malay apple, fresh",KZGMI-2001,4.5. BUAH DAN HASIL OLAHANNYA,single,50,87.0,49,2.3,0.2,9.6,3.5,0.8,8.0,8.0,0.3,1.0,14.0,0.0,0.0,,92.0,,0.13,0.01,0.5,22.0,67.0
ER034,"Cashew apple, fresh",DABM-1964,4.5. BUAH DAN HASIL OLAHANNYA,single,50,83.0,49,0.7,0.6,15.8,1.2,0.3,4.0,13.0,0.5,12.0,107.8,,,,1604.0,25.0,0.02,0.0,2.0,197.0,90.0
ER035,"Pomelo, fresh",DABM-1964,4.5. BUAH DAN HASIL OLAHANNYA,single,50,86.0,48,0.6,0.2,12.4,0.8,0.5,23.0,27.0,0.5,21.0,366.1,171.25,0.1,,33.0,20.0,0.04,0.0,0.4,43.0,62.0
ER036,"Banjar orange, fresh",KZGMI-2001,4.5. BUAH DAN HASIL OLAHANNYA,single,50,85.0,61,0.8,0.2,14.1,5.4,0.4,9.0,13.0,0.2,3.0,79.0,0.1,0.1,,9.0,,0.12,0.03,0.3,31.0,72.0
ER037,Garut mandarin orange,DABM-1964,4.5. BUAH DAN HASIL OLAHANNYA,single,50,87.0,44,0.8,0.3,10.9,1.6,0.7,33.0,23.0,0.4,5.0,518.1,169.3,0.2,,0.0,420.0,0.07,0.03,0.2,31.0,71.0
ER038,"Calamansi lime, fresh",BKP,4.5. BUAH DAN HASIL OLAHANNYA,single,50,90.0,39,0.3,0.3,8.9,2.3,0.4,42.0,85.0,0.5,3.0,82.0,0.3,0.1,,1.0,0.0,0.02,0.1,0.0,30.0,100.0
ER039,"Sweet orange, fresh",DABM-1964,4.5. BUAH DAN HASIL OLAHANNYA,single,50,87.0,45,0.9,0.2,11.2,1.4,0.5,33.0,23.0,0.4,4.0,472.1,160.0,0.2,,0.0,190.0,0.08,0.03,0.2,49.0,72.0
ER040,"Lime, fresh",KZGPI-1990,4.5. BUAH DAN HASIL OLAHANNYA,single,50,89.0,44,0.5,0.2,10.0,0.4,0.4,18.0,22.0,0.2,3.0,108.9,0.06,0.1,,23.0,4.0,0.01,0.03,0.2,20.0,76.0
ER041,"Ragi lime, fresh",KZGPI-1990,4.5. BUAH DAN HASIL OLAHANNYA,single,50,88.0,49,0.7,0.2,11.1,0.5,0.4,36.0,67.0,0.7,4.0,457.3,155.0,0.2,,0.0,68.0,0.03,0.03,0.2,30.0,59.0
ER042,"Bael fruit (kawista), fresh",KZGPI-1990,4.5. BUAH DAN HASIL OLAHANNYA,single,50,72.0,120,3.5,2.5,20.8,4.6,1.4,190.0,230.0,1.6,9.0,1015.6,308.43,0.4,,99.0,,0.07,0.07,0.4,3.0,72.0
ER043,"Ripe ambarella, fresh",DABM-1964 PANGAN,4.5. BUAH DAN HASIL OLAHANNYA,single,50,88.0,46,1.0,0.1,10.3,2.6,0.6,15.0,22.0,2.8,2.0,216.2,0.03,0.1,,164.0,233.0,0.08,0.23,0.3,30.0,58.0
ER045,"Wild coconut, dried",KZGMI-2001,4.5. BUAH DAN HASIL OLAHANNYA,single,51,6.0,623,2.0,52.1,36.5,15.3,3.4,120.0,280.0,3.8,100.0,460.0,1.7,1.9,,,,,,0.2,,
ER046,"Young coconut flesh, fresh",DABM-1964,4.5. BUAH DAN HASIL OLAHANNYA,single,51,83.0,68,1.0,0.9,14.0,0.0,0.8,7.0,30.0,1.0,18.0,564.6,0.14,0.3,0.0,0.0,,0.06,0.02,0.6,4.0,53.0
ER047,"Kemang fruit (wild mango relative), fresh",DABM-1964,4.5. BUAH DAN HASIL OLAHANNYA,single,51,87.0,48,1.0,0.2,11.9,1.7,0.4,10.0,24.0,0.1,2.0,88.6,0.04,0.1,,318.0,6.0,0.08,0.01,0.3,58.0,65.0
ER048,"Persimmon, fresh",DABM-1964,4.5. BUAH DAN HASIL OLAHANNYA,single,51,78.0,78,0.8,0.4,20.0,0.6,0.6,6.0,26.0,0.3,0.0,34.5,0.13,0.1,,109.0,2710.0,0.05,0.0,0.1,11.0,97.0
ER049,"Kokosan fruit (Lansium), fresh",DABM-1964,4.5. BUAH DAN HASIL OLAHANNYA,single,51,85.0,86,1.6,0.2,13.0,1.4,0.2,22.0,38.0,1.3,2.0,118.3,0.08,0.2,,0.0,20.0,0.04,0.04,1.5,3.0,64.0
ER050,"Kranji fruit, fresh",KZGPI-1990,4.5. BUAH DAN HASIL OLAHANNYA,single,51,20.0,315,2.1,1.4,73.5,3.6,2.9,160.0,120.0,3.7,,,,,,,,0.02,,,,31.0
ER051,"Langsat fruit, fresh",DABM-1964,4.5. BUAH DAN HASIL OLAHANNYA,single,51,84.0,56,0.9,0.2,14.3,1.4,0.5,17.0,24.0,1.1,1.0,232.0,0.09,0.2,,,0.0,0.07,0.0,0.8,9.0,64.0
ER052,"Lemon, fresh",KZGMI-2001,4.5. BUAH DAN HASIL OLAHANNYA,single,51,92.0,34,0.5,0.8,6.2,0.1,0.3,23.0,20.0,0.3,31.0,140.0,0.1,0.2,,0.0,,0.09,0.12,0.3,50.0,100.0
ER053,"Lontar palm fruit, fresh",KZGPI-1990,4.5. BUAH DAN HASIL OLAHANNYA,single,51,93.0,27,0.4,0.2,6.0,1.6,0.4,91.0,243.0,0.5,,,,,,,,0.03,,,,79.0
ER054,"Mango, fresh",KZGMI-2001,4.5. BUAH DAN HASIL OLAHANNYA,single,51,87.0,52,0.7,0.0,12.3,1.6,0.2,20.0,16.0,1.0,3.0,140.0,0.33,0.0,,316.0,,0.03,0.01,0.3,12.0,65.0
ER055,"Bengal mango, fresh",KZGMI-2001,4.5. BUAH DAN HASIL OLAHANNYA,single,51,84.0,63,2.4,0.4,12.4,5.8,0.4,9.0,13.0,0.2,3.0,79.0,0.1,0.1,,10.0,,0.18,0.01,0.4,43.0,65.0
ER056,"Gedung mango, fresh",DABM-1964,4.5. BUAH DAN HASIL OLAHANNYA,single,51,87.0,44,0.7,0.2,11.2,1.6,0.5,13.0,10.0,0.2,2.0,83.6,0.04,0.1,,113.0,16400.0,0.08,0.01,0.3,30.0,65.0
ER057,"Golek mango, fresh",DABM-1964,4.5. BUAH DAN HASIL OLAHANNYA,single,51,82.0,63,0.5,0.2,16.7,2.3,0.4,14.0,10.0,0.7,3.0,118.1,0.05,0.1,,160.0,3715.0,0.08,0.02,0.4,65.0,65.0
ER058,"Harumanis mango, fresh",DABM-1964,4.5. BUAH DAN HASIL OLAHANNYA,single,51,87.0,46,0.4,0.2,11.9,1.7,0.8,15.0,9.0,0.2,2.0,88.9,0.04,0.1,,120.0,1200.0,0.08,0.01,0.3,6.0,65.0
ER059,"Indramayu mango, fresh",DABM-1964,4.5. BUAH DAN HASIL OLAHANNYA,single,51,80.0,72,0.8,0.2,18.7,2.5,0.1,13.0,10.0,1.9,3.0,131.4,0.06,0.1,,178.0,2900.0,0.06,0.02,0.5,16.0,65.0
ER060,"Kopek mango, fresh",DABM-1964,4.5. BUAH DAN HASIL OLAHANNYA,single,51,85.0,56,0.4,0.2,14.6,2.0,0.3,16.0,10.0,1.7,2.0,102.9,0.04,0.1,,139.0,6520.0,0.03,0.01,0.4,27.0,65.0
ER061,"Kwini mango, fresh",KZGMI-2001,4.5. BUAH DAN HASIL OLAHANNYA,single,51,79.0,86,0.7,0.5,19.8,6.5,0.4,11.0,11.0,0.2,1.0,16.0,0.1,0.1,,932.0,,0.15,0.02,0.5,18.0,65.0
ER062,"Manalagi mango, fresh",KZGMI-2001,4.5. BUAH DAN HASIL OLAHANNYA,single,51,67.0,133,1.0,0.1,32.1,11.8,0.3,20.0,23.0,1.0,70.0,161.0,0.0,0.0,0.0,4.0,,0.07,0.0,0.6,61.0,65.0
ER063,"Young (unripe) mango, fresh",DABM-1964,4.5. BUAH DAN HASIL OLAHANNYA,single,51,84.0,59,0.5,0.4,15.1,,0.3,12.0,11.0,0.4,2.0,108.2,0.05,0.1,,146.0,85.0,0.06,0.02,0.4,2.0,73.0
ER065,"Passion fruit, fresh",KZGPI-1990,4.5. BUAH DAN HASIL OLAHANNYA,single,52,65.0,144,3.5,1.2,29.8,11.4,0.8,27.0,203.0,1.4,37.0,453.8,0.11,0.1,0.0,969.0,691.0,0.02,0.17,2.0,10.0,48.0
ER066,"Matoa fruit (Pometia), fresh",KZGMI-2001,4.5. BUAH DAN HASIL OLAHANNYA,single,52,77.0,90,1.2,0.1,21.1,0.5,1.1,20.0,40.0,0.6,10.0,190.0,0.3,0.6,,2.0,,0.18,0.09,0.5,54.0,40.0
ER067,"Melon, fresh",BKP,4.5. BUAH DAN HASIL OLAHANNYA,single,52,91.0,37,0.6,0.4,7.8,1.0,0.5,12.0,14.0,0.4,27.0,167.0,0.3,0.1,,1.0,0.0,0.02,0.1,0.0,0.0,58.1
ER068,"Menteng fruit (Baccaurea), fresh",DABM-1964,4.5. BUAH DAN HASIL OLAHANNYA,single,52,79.0,65,1.7,0.3,16.1,,2.9,13.0,20.0,0.8,,,,,,,0.0,0.0,,,,64.0
ER069,"Palembang pineapple, fresh",KZGMI-2001,4.5. BUAH DAN HASIL OLAHANNYA,single,52,86.0,58,0.7,0.2,13.3,1.6,0.3,29.0,15.0,0.6,7.0,117.0,0.03,0.1,,17.0,,0.26,0.03,0.2,11.0,53.0
ER070,"Pineapple, fresh",KZGPI-1990,4.5. BUAH DAN HASIL OLAHANNYA,single,52,89.0,40,0.6,0.3,9.9,0.6,0.3,22.0,14.0,0.9,18.0,111.0,0.03,0.1,0.0,17.0,90.0,0.02,0.04,0.2,22.0,53.0
ER071,"Tree-ripened jackfruit, fresh",DABM-1964,4.5. BUAH DAN HASIL OLAHANNYA,single,52,70.0,106,1.2,0.3,27.6,3.7,2.7,20.0,19.0,0.9,2.0,407.0,246.58,1.4,,149.0,330.0,0.07,0.1,1.0,7.0,28.0
ER072,"Nutmeg fruit flesh, fresh",DABM-1964,4.5. BUAH DAN HASIL OLAHANNYA,single,52,88.0,42,0.3,0.2,10.9,0.5,0.5,32.0,24.0,1.5,,,,,,,29.0,,,,22.0,30.0
ER073,"Papaya, fresh",DABM-1964,4.5. BUAH DAN HASIL OLAHANNYA,single,52,87.0,46,0.5,0.1,12.2,1.6,0.6,23.0,12.0,1.7,4.0,221.0,0.02,0.3,,1038.0,365.0,0.04,0.06,0.4,78.0,75.0
ER074,"Ambon banana, fresh",KZGMI-2001,4.5. BUAH DAN HASIL OLAHANNYA,single,52,73.0,108,1.0,0.8,24.3,1.9,1.0,20.0,30.0,0.2,10.0,356.3,0.2,0.2,,37.0,,0.05,0.11,0.1,9.0,75.0
ER075,"Angleng banana (ampyang), fresh",DABM-1964,4.5. BUAH DAN HASIL OLAHANNYA,single,52,80.0,68,1.3,0.2,17.2,0.8,1.0,10.0,26.0,0.6,23.0,215.7,0.04,0.0,,9.0,76.0,0.08,0.05,2.5,6.0,75.0
ER076,"Ayam banana, fresh",KZGMI-2001,4.5. BUAH DAN HASIL OLAHANNYA,single,52,71.0,120,1.1,0.2,26.8,4.1,0.7,20.0,61.0,0.4,6.0,392.0,0.1,0.3,,24.0,,0.1,0.02,1.0,26.0,75.0
ER077,"Gapi banana, fresh",KZGMI-2001,4.5. BUAH DAN HASIL OLAHANNYA,single,52,66.0,131,1.6,0.1,31.1,11.7,1.0,58.0,40.0,0.3,6.0,392.0,0.13,0.3,,13.0,,0.18,0.02,0.3,13.0,75.0
ER078,"Goroho banana, fresh",KZGMI-2001,4.5. BUAH DAN HASIL OLAHANNYA,single,52,69.0,119,1.5,0.2,27.9,4.6,1.0,2.0,30.0,0.2,36.0,359.0,0.13,0.3,,11.0,,0.15,0.02,1.1,10.0,75.0
ER079,"Green banana, fresh",KZGPI-1990,4.5. BUAH DAN HASIL OLAHANNYA,single,52,69.0,121,1.0,0.1,28.9,0.4,1.1,9.0,37.0,0.9,31.0,529.4,0.28,0.6,,48.0,1000.0,0.13,0.06,0.0,13.0,72.0
ER080,"Kayu banana, fresh",KZGMI-2001,4.5. BUAH DAN HASIL OLAHANNYA,single,52,74.0,100,1.4,0.5,23.6,2.6,0.6,15.0,0.0,0.1,1.0,493.0,0.08,0.3,,3.0,,0.1,0.0,0.6,11.0,75.0
ER081,"Kepok banana, fresh",KZGMI-2001,4.5. BUAH DAN HASIL OLAHANNYA,single,52,72.0,109,0.8,0.5,26.3,5.7,1.0,10.0,30.0,0.5,10.0,300.0,0.1,0.2,,0.0,,0.1,0.0,0.1,9.0,75.0
ER082,"Ketip banana, fresh",KZGMI-2001,4.5. BUAH DAN HASIL OLAHANNYA,single,52,63.0,145,1.1,0.3,34.5,6.6,0.7,5.0,54.0,0.1,4.0,726.0,0.15,0.5,,3.0,,0.13,0.02,0.8,95.0,75.0
ER083,"Kidang banana, fresh",KZGPI-1990 PANGAN,4.5. BUAH DAN HASIL OLAHANNYA,single,52,75.0,96,1.0,0.2,22.5,0.6,0.9,87.0,173.0,0.6,6.0,418.8,0.22,0.5,,38.0,58.0,0.04,0.1,0.9,2.0,70.0
ER085,"Bali Ampenan golden banana, fresh",KZGMI-2001,4.5. BUAH DAN HASIL OLAHANNYA,single,53,77.0,92,1.4,0.2,21.0,3.7,0.5,7.0,29.0,1.2,32.0,272.0,0.18,0.4,,14.0,,0.09,0.03,0.6,11.0,75.0
ER086,"Bali Kopang golden banana, fresh",KZGMI-2001,4.5. BUAH DAN HASIL OLAHANNYA,single,53,64.0,127,1.4,0.2,31.8,3.7,2.4,10.0,0.0,0.1,43.0,616.0,0.12,0.4,,21.0,,0.21,0.05,0.9,17.0,75.0
ER087,"Golden banana, fresh",DABM-1964,4.5. BUAH DAN HASIL OLAHANNYA,single,53,64.0,127,1.4,0.2,33.6,1.4,0.6,7.0,25.0,0.8,42.0,392.0,195.78,0.5,,17.0,79.0,0.09,0.08,4.5,2.0,85.0
ER088,"Raja Sereh banana, fresh",KZGPI-1990,4.5. BUAH DAN HASIL OLAHANNYA,single,53,69.0,108,1.3,0.3,28.2,0.7,1.0,16.0,38.0,0.1,31.0,522.6,0.27,0.6,,48.0,480.0,0.02,0.08,1.1,2.0,86.0
ER089,"Raja banana, fresh",DABM-1964,4.5. BUAH DAN HASIL OLAHANNYA,single,53,66.0,120,1.2,0.2,31.8,5.3,1.0,10.0,22.0,0.8,35.0,582.2,0.31,0.7,,53.0,950.0,0.06,0.14,1.2,10.0,70.0
ER090,"Rattan banana, fresh",KZGPI-1990,4.5. BUAH DAN HASIL OLAHANNYA,single,53,76.0,98,1.3,1.2,20.5,1.0,0.9,17.0,51.0,1.1,24.0,406.9,0.21,0.5,,37.0,697.0,0.01,0.1,0.9,2.0,56.0
ER091,"Talas banana, fresh",KZGMI-2001,4.5. BUAH DAN HASIL OLAHANNYA,single,53,71.0,113,1.2,0.2,26.7,4.4,0.9,22.0,22.0,0.6,29.0,48.0,0.26,0.1,,159.0,,0.12,0.03,1.0,9.0,75.0
ER092,Seven-month banana,KZGMI-2001,4.5. BUAH DAN HASIL OLAHANNYA,single,53,76.0,94,0.6,0.2,22.5,3.7,0.8,50.0,20.0,0.2,0.0,4.0,0.1,0.4,0.0,72.0,,0.03,0.03,0.3,6.0,75.0
ER093,"Ua banana, fresh",KZGMI-2001,4.5. BUAH DAN HASIL OLAHANNYA,single,53,68.0,128,0.8,0.5,30.2,8.1,0.7,12.0,28.0,0.7,33.0,382.0,0.2,0.3,,5.0,,0.09,0.01,1.2,4.0,75.0
ER094,"Uli banana, fresh",KZGPI-1990,4.5. BUAH DAN HASIL OLAHANNYA,single,53,62.0,134,1.1,0.5,35.5,1.4,1.1,31.0,53.0,0.9,39.0,650.3,0.34,0.7,,59.0,113.0,0.11,0.16,1.4,3.0,77.0
ER095,"Kaffir lime, fresh",KZGPI-1990,4.5. BUAH DAN HASIL OLAHANNYA,single,53,81.0,76,4.1,1.1,15.2,1.7,1.4,30.0,76.0,0.6,10.0,285.2,,,,27.0,93.0,0.01,0.11,0.0,0.0,34.0
ER096,"Binjai rambutan, fresh",KZGMI-2001,4.5. BUAH DAN HASIL OLAHANNYA,single,53,81.0,76,0.5,0.2,18.0,3.8,0.3,15.0,22.0,1.2,22.0,120.0,0.2,0.2,,0.0,,0.19,0.01,0.4,13.0,40.0
ER097,"Rambutan, fresh",DABM-1964,4.5. BUAH DAN HASIL OLAHANNYA,single,53,81.0,69,0.9,0.1,18.1,0.8,0.4,16.0,16.0,0.5,16.0,104.2,0.17,0.1,,0.0,0.0,0.0,0.07,0.5,58.0,40.0
ER098,"Balinese salak (snake fruit), fresh",KZGPI-1990,4.5. BUAH DAN HASIL OLAHANNYA,single,53,85.0,57,0.5,0.1,13.6,1.3,0.7,94.0,25.0,2.1,,,0.08,0.2,0.0,3.0,37.0,0.0,,,0.0,93.0
ER099,"Medan salak (snake fruit), fresh",KZGMI-2001,4.5. BUAH DAN HASIL OLAHANNYA,single,53,78.0,55,0.4,0.2,12.8,3.2,8.5,6.0,46.0,0.5,39.0,113.0,0.2,0.3,0.0,4.0,,0.04,0.03,,58.0,93.0
ER100,"Pondoh salak (snake fruit), fresh",KZGPI-1990,4.5. BUAH DAN HASIL OLAHANNYA,single,53,78.0,87,0.8,0.4,20.1,0.0,0.8,38.0,31.0,3.9,,,0.08,0.2,0.0,,40.0,0.0,0.12,0.1,8.0,59.0
ER101,"Salak (snake fruit), fresh",DABM-1964,4.5. BUAH DAN HASIL OLAHANNYA,single,53,78.0,77,0.4,,20.9,,0.7,28.0,18.0,4.2,,,0.08,0.2,,4.0,0.0,0.04,,,2.0,93.0
ER102,"Durian sapodilla, fresh",KZGPI-1990,4.5. BUAH DAN HASIL OLAHANNYA,single,53,87.0,64,1.0,3.1,8.0,0.8,0.6,18.0,45.0,0.8,13.0,111.4,0.02,0.1,0.0,0.0,0.0,0.01,0.02,0.1,1.0,64.0
ER103,"Kecik sapodilla (Manilkara), fresh",KZGPI-1990,4.5. BUAH DAN HASIL OLAHANNYA,single,53,74.0,111,0.9,2.3,21.6,1.0,1.4,20.0,185.0,0.7,28.0,117.8,0.04,0.1,0.0,119.0,12.0,0.0,0.04,1.5,19.0,83.0
ER104,"Manila sapodilla, fresh",DABM-1964,4.5. BUAH DAN HASIL OLAHANNYA,single,53,76.0,92,0.5,1.1,22.4,9.5,0.5,25.0,12.0,1.0,26.0,110.2,0.04,0.1,0.0,111.0,60.0,0.01,0.04,1.4,21.0,79.0
ER105,"Watermelon, fresh",DABM-1964,4.5. BUAH DAN HASIL OLAHANNYA,single,53,92.0,28,0.5,0.2,6.9,0.4,0.3,7.0,12.0,0.2,7.0,93.8,0.04,0.1,,315.0,590.0,0.05,0.05,0.3,6.0,46.0
ER107,"Sowa fruit, fresh",KZGMI-2001,4.5. BUAH DAN HASIL OLAHANNYA,composite,54,88.0,48,1.6,0.6,9.1,4.5,10.0,50.0,40.0,0.3,9.0,0.0,0.1,1.5,0.0,364.0,,0.15,0.23,0.2,4.0,
ER108,"Sugar apple (sweetsop), fresh",KZGPI-1990,4.5. BUAH DAN HASIL OLAHANNYA,composite,54,83.0,63,1.1,0.5,13.9,2.1,1.1,127.0,30.0,2.7,,,,,0.0,,31.0,0.08,,,28.0,48.0
ER109,"Young breadfruit, fresh",KZGPI-1990,4.5. BUAH DAN HASIL OLAHANNYA,composite,54,69.0,119,1.4,0.2,28.1,1.4,1.0,24.0,44.0,1.4,24.0,414.4,0.09,0.1,,28.0,4896.0,0.17,0.17,3.7,52.0,84.0
ER110,"Mature breadfruit, fresh",KZGPI-1990,4.5. BUAH DAN HASIL OLAHANNYA,composite,54,68.0,126,1.6,0.2,24.5,1.5,1.0,37.0,47.0,1.6,25.0,436.0,0.09,0.1,,30.0,2000.0,0.18,0.17,3.9,58.0,88.0
ER111,"Vigus fruit, fresh",KZGMI-2001,4.5. BUAH DAN HASIL OLAHANNYA,composite,54,88.0,44,2.4,0.1,8.3,,1.2,30.0,20.0,0.3,2.0,180.0,0.1,0.2,,,,0.26,0.01,,43.0,
ER112,"Wani mango (Mangifera caesia), fresh",KZGPI-1990,4.5. BUAH DAN HASIL OLAHANNYA,composite,54,81.0,74,0.8,0.3,17.1,3.1,0.6,66.0,29.0,1.2,,,,,,,32.0,0.08,,,80.0,77.0
EP001,Barongko (banana and coconut pudding),KZGMI-2001,4.5. BUAH DAN HASIL OLAHANNYA,composite,54,67.0,159,3.1,5.8,23.5,,0.7,35.0,65.0,1.2,46.0,78.0,0.3,0.6,,,,,,,,100.0
EP003,Mashed banana cake (getuk pisang),KZGPI-1990,4.5. BUAH DAN HASIL OLAHANNYA,composite,54,64.0,144,1.1,0.4,34.1,0.4,0.7,48.0,32.0,1.0,,,,,,,1240.0,0.55,,,0.0,100.0
EP004,Lampung banana chips,KZGPI-1990,4.5. BUAH DAN HASIL OLAHANNYA,composite,54,5.0,485,1.7,22.2,69.7,0.6,1.5,43.0,65.0,0.8,,,,,,,1464.0,0.34,,,0.0,100.0
EP005,Banana roll wafer (ledre pisang),KZGPI-1990,4.5. BUAH DAN HASIL OLAHANNYA,composite,54,4.0,405,4.8,5.1,84.9,0.4,1.6,59.0,124.0,2.6,,,,,,4.0,7330.0,0.41,,,0.0,100.0
EP006,Durian paste (lempog),KZGPI-1990,4.5. BUAH DAN HASIL OLAHANNYA,composite,54,25.0,320,3.5,5.7,63.7,4.9,1.9,190.0,93.0,2.5,,,,,,,,0.05,0.04,,,100.0
EP008,Spiced mango rica-rica dish,KZGMI-2001,4.5. BUAH DAN HASIL OLAHANNYA,composite,54,87.0,49,1.6,0.3,10.0,,1.4,11.0,48.0,3.0,426.0,42.0,0.5,0.5,,13.0,,0.18,,,15.0,100.0
EP009,Acehnese fruit and vegetable salad (rujak aceh),KZGMI-2001,4.5. BUAH DAN HASIL OLAHANNYA,composite,54,79.0,82,0.4,0.3,19.7,2.4,0.9,,,,,,,,,10.0,,0.22,0.03,,42.0,100.0
EP011,Siam dried banana (sale pisang siam),KZGPI-1990,4.5. BUAH DAN HASIL OLAHANNYA,composite,54,29.0,281,2.4,0.7,66.1,1.0,2.0,41.0,64.0,1.2,,,,,,,272.0,0.1,,,0.0,100.0
EP012,Cilacap dried banana (sale pisang),KZGPI-1990,4.5. BUAH DAN HASIL OLAHANNYA,composite,54,27.0,295,2.3,2.1,66.9,1.3,1.7,47.0,97.0,2.8,,,,,,,296.0,0.14,,,,100.0
EP014,Banana flour,BKP,4.5. BUAH DAN HASIL OLAHANNYA,composite,54,14.0,338,2.9,0.4,80.6,5.3,2.1,23.0,62.0,4.0,18.0,734.0,0.1,0.5,,13.0,1.0,0.02,0.02,1.0,2.0,100.0
EP015,Breadfruit flour,BKP PANGAN,4.5. BUAH DAN HASIL OLAHANNYA,composite,54,10.0,353,2.9,0.5,84.4,3.7,2.1,100.0,85.0,4.6,9.0,2008.0,0.1,0.6,,0.0,0.0,0.4,0.02,0.1,3.0,100.0
FR001,"Veal, fat cut, fresh",DABM-1964,"4.6. DAGING, UNGGAS DAN HASIL OLAHANNYA",single,55,62.0,184,18.8,14.0,0.0,0.0,5.2,10.0,200.0,2.2,118.0,490.1,0.17,3.3,12.0,37.0,,0.13,0.17,7.0,,100.0
FR002,"Veal, lean cut, fresh",DABM-1964,"4.6. DAGING, UNGGAS DAN HASIL OLAHANNYA",single,55,69.0,174,19.6,10.0,0.0,0.0,1.4,11.0,201.0,2.9,96.0,399.8,0.14,2.7,6.0,30.0,,0.08,0.14,5.7,0.0,100.0
FR003,"Veal, medium fat cut, fresh",DABM-1964,"4.6. DAGING, UNGGAS DAN HASIL OLAHANNYA",single,55,68.0,190,19.1,12.0,0.0,0.0,0.9,11.0,193.0,2.9,99.0,412.7,0.14,2.8,12.0,83.0,,0.14,0.15,5.9,0.0,100.0
FR004,"Goose meat, fresh",DABM-1964,"4.6. DAGING, UNGGAS DAN HASIL OLAHANNYA",single,55,51.1,349,16.4,31.5,0.0,0.0,1.0,15.0,188.0,1.8,71.0,299.2,0.26,1.7,273.0,0.0,,0.1,0.24,7.11,0.0,60.0
FR005,"Chicken meat, fresh",DABM-1964,"4.6. DAGING, UNGGAS DAN HASIL OLAHANNYA",single,55,55.9,298,18.2,25.0,0.0,0.0,0.9,14.0,200.0,1.5,109.0,385.9,0.11,0.6,245.0,0.0,,0.08,0.14,10.4,0.0,58.0
FR006,"Chicken blood, fresh",DABM-1964,"4.6. DAGING, UNGGAS DAN HASIL OLAHANNYA",single,55,82.0,75,13.8,1.9,0.7,0.0,1.6,15.0,9.0,1.3,337.0,234.0,,,15.0,,,0.02,,0.6,0.0,100.0
FR007,"Chicken liver, fresh",KZGMS-1993,"4.6. DAGING, UNGGAS DAN HASIL OLAHANNYA",single,55,53.4,261,27.4,16.1,1.6,0.0,1.5,118.0,373.0,15.8,1068.0,22.9,0.84,0.0,4957.0,169.0,28000.0,0.64,4.38,4.11,0.0,100.0
FR008,"Pork, fat cut, fresh",DABM-1964,"4.6. DAGING, UNGGAS DAN HASIL OLAHANNYA",single,55,42.0,453,11.9,45.0,0.0,0.0,1.1,7.0,117.0,1.8,112.0,819.3,0.22,0.4,0.0,0.0,,0.58,0.59,5.9,0.0,100.0
FR009,"Pork, lean cut, fresh",DABM-1964,"4.6. DAGING, UNGGAS DAN HASIL OLAHANNYA",single,55,50.0,371,14.1,35.0,0.0,0.0,0.9,8.0,151.0,2.1,97.0,706.3,0.19,0.4,0.0,0.0,,0.67,0.33,5.4,0.0,100.0
FR010,"Pork kidney, fresh",DABM-1964,"4.6. DAGING, UNGGAS DAN HASIL OLAHANNYA",single,55,77.1,110,16.3,4.6,0.8,0.0,1.2,11.0,246.0,8.0,139.0,390.0,0.71,3.2,39.0,10.0,,0.58,1.59,9.1,13.0,100.0
FR011,"Pork liver, fresh",DABM-1964,"4.6. DAGING, UNGGAS DAN HASIL OLAHANNYA",single,55,72.3,129,19.7,4.8,1.7,0.0,1.5,10.0,362.0,18.0,110.0,447.0,0.58,0.1,4303.0,6.0,,0.4,1.16,5.7,23.0,100.0
FR012,"Duck meat, fresh",DABM-1964,"4.6. DAGING, UNGGAS DAN HASIL OLAHANNYA",single,55,54.3,321,16.0,28.6,0.0,0.0,1.1,15.0,188.0,1.8,54.0,199.0,0.21,1.2,273.0,0.0,,0.1,0.28,4.3,0.0,60.0
FR013,"Alabio duck meat, fresh",KZGMI-2001,"4.6. DAGING, UNGGAS DAN HASIL OLAHANNYA",single,55,57.0,303,11.3,27.0,3.7,0.0,1.0,20.0,293.0,4.8,50.0,260.0,0.7,2.0,,0.0,,0.36,0.04,4.1,,100.0
FR014,"Wild duck (teal) meat, fresh",KZGMI-2001,"4.6. DAGING, UNGGAS DAN HASIL OLAHANNYA",single,55,71.3,131,20.2,4.3,2.8,0.0,1.4,8.0,192.0,9.6,46.0,104.0,1.2,1.6,,0.0,,0.37,0.08,2.7,,100.0
FR015,"Bird's nest, fresh",DABM-1964,"4.6. DAGING, UNGGAS DAN HASIL OLAHANNYA",single,55,24.8,281,37.5,0.3,32.1,,5.3,485.0,18.0,3.0,,,,,0.0,,,,,,0.0,100.0
FR016,"Lamb, fat cut, fresh",DABM-1964,"4.6. DAGING, UNGGAS DAN HASIL OLAHANNYA",single,55,55.8,317,15.7,27.7,0.0,0.0,0.8,9.0,157.0,2.4,64.0,242.1,0.11,3.7,0.0,0.0,,0.14,0.23,6.5,0.0,100.0
FR017,"Lamb, lean cut, fresh",DABM-1964,"4.6. DAGING, UNGGAS DAN HASIL OLAHANNYA",single,55,66.3,202,17.1,14.8,0.0,0.0,1.8,10.0,191.0,2.6,90.0,355.0,0.08,2.8,0.0,0.0,,0.15,0.26,5.7,0.0,100.0
FR018,"Lamb kidney, fresh",DABM-1964,"4.6. DAGING, UNGGAS DAN HASIL OLAHANNYA",single,55,77.8,100,16.6,3.3,1.0,0.0,1.3,13.0,237.0,9.2,155.0,276.0,0.48,2.4,348.0,515.0,,0.51,2.35,7.5,13.0,100.0
FR019,"Goat meat, fresh",DABM-1964,"4.6. DAGING, UNGGAS DAN HASIL OLAHANNYA",single,55,70.3,149,16.6,9.2,0.0,0.0,3.9,11.0,124.0,1.0,96.0,268.7,0.31,4.9,0.0,0.0,,0.09,0.23,5.0,0.0,100.0
FR021,"Buffalo meat, fresh",DABM-1964,"4.6. DAGING, UNGGAS DAN HASIL OLAHANNYA",composite,56,80.0,79,18.7,0.5,0.0,0.0,0.8,14.0,221.0,3.3,91.0,273.0,0.13,1.6,,,,0.06,0.17,5.0,0.0,100.0
FR022,"Horse meat, fresh",DABM-1964,"4.6. DAGING, UNGGAS DAN HASIL OLAHANNYA",composite,56,76.0,113,18.1,4.1,0.9,0.0,0.9,10.0,150.0,2.7,46.0,315.7,0.13,2.5,0.0,,,0.07,0.07,3.0,0.0,100.0
FR023,"Beef tripe, fresh",DABM-1964,"4.6. DAGING, UNGGAS DAN HASIL OLAHANNYA",composite,56,76.7,108,17.6,4.2,0.0,0.0,1.5,12.0,144.0,1.0,147.0,101.4,0.11,2.2,0.0,49.0,,0.15,0.17,1.7,0.0,100.0
FR024,"Beef, fat cut, fresh",DABM-1964,"4.6. DAGING, UNGGAS DAN HASIL OLAHANNYA",composite,56,60.0,273,17.5,22.0,0.0,0.0,0.5,10.0,150.0,2.6,93.0,267.0,0.17,6.4,12.0,0.0,,0.08,0.18,7.3,0.0,100.0
FR025,"Beef, lean cut, fresh",DABM-1964,"4.6. DAGING, UNGGAS DAN HASIL OLAHANNYA",composite,56,69.0,174,19.6,10.0,0.0,0.0,1.4,11.0,181.0,2.9,83.0,489.0,0.07,4.9,6.0,181.0,,0.07,0.51,1.2,0.0,100.0
FR026,"Beef, medium fat, fresh",DABM-1964,"4.6. DAGING, UNGGAS DAN HASIL OLAHANNYA",composite,56,66.0,201,18.8,14.0,0.0,0.0,1.2,11.0,170.0,2.8,105.0,378.0,4.58,5.2,9.0,198.0,,0.08,0.56,1.3,0.0,100.0
FR027,"Beef innards, fresh",KZGMI-2001,"4.6. DAGING, UNGGAS DAN HASIL OLAHANNYA",composite,56,70.1,183,12.0,14.4,1.4,0.0,2.1,43.0,319.0,1.8,277.0,160.0,0.1,0.8,,104.0,,0.31,0.22,8.4,,100.0
FR028,Beef blood,DABM-1964,"4.6. DAGING, UNGGAS DAN HASIL OLAHANNYA",composite,56,75.6,98,21.9,1.1,0.0,0.0,1.4,7.0,24.0,1.3,150.0,170.0,,0.2,15.0,214.0,,0.01,0.03,0.9,0.0,100.0
FR029,"Beef kidney, fresh",DABM-1964,"4.6. DAGING, UNGGAS DAN HASIL OLAHANNYA",composite,56,74.9,137,15.0,8.1,0.9,0.0,1.1,9.0,221.0,7.9,200.0,230.2,,,348.0,583.0,,0.37,1.22,6.1,13.0,100.0
FR030,"Beef tendons, fresh",KZGMI-2001,"4.6. DAGING, UNGGAS DAN HASIL OLAHANNYA",composite,56,83.8,84,10.5,4.6,0.2,0.0,0.9,20.0,13.0,2.1,73.0,318.0,0.2,1.7,857.0,34.0,,0.1,0.14,0.3,,100.0
FR031,"Beef liver, fresh",DABM-1964,"4.6. DAGING, UNGGAS DAN HASIL OLAHANNYA",composite,56,69.7,132,19.7,3.2,6.0,0.0,1.4,7.0,358.0,6.6,110.0,213.0,0.51,2.3,13303.0,355.0,,0.26,1.52,11.4,31.0,100.0
FR032,"Beef brain, fresh",DABM-1964,"4.6. DAGING, UNGGAS DAN HASIL OLAHANNYA",composite,56,78.9,123,10.4,8.6,0.8,0.0,1.3,16.0,330.0,3.6,112.0,243.8,0.26,0.9,0.0,0.0,,0.23,0.19,3.9,18.0,100.0
FR033,"Beef intestines, fresh",DABM-1964,"4.6. DAGING, UNGGAS DAN HASIL OLAHANNYA",composite,56,76.7,126,14.0,7.2,1.5,0.0,0.6,14.0,115.0,4.0,,,,,61.0,0.0,,0.08,0.33,0.2,0.0,100.0
FR034,Fresh sago grub,KZGMI-2001,"4.6. DAGING, UNGGAS DAN HASIL OLAHANNYA",composite,56,65.9,241,5.8,21.6,5.8,2.8,0.9,20.0,70.0,0.5,210.0,210.0,1.0,7.7,,0.0,,0.17,1.45,0.1,,100.0
FP001,"Chicken gizzard, fried",KZGMS-1993,"4.6. DAGING, UNGGAS DAN HASIL OLAHANNYA",composite,56,44.8,270,32.3,11.2,9.9,0.0,1.8,129.0,314.0,4.9,980.0,,0.12,3.3,56.0,,0.0,0.21,,4.7,0.0,100.0
FP002,"Chicken intestines, fried",KZGPI-1990,"4.6. DAGING, UNGGAS DAN HASIL OLAHANNYA",composite,56,4.6,473,45.2,26.3,13.9,0.0,10.1,1407.0,458.0,8.4,,,,,6.0,,224.0,0.57,,0.0,,100.0
FP003,"Duck meat, fried",KZGMI-2001,"4.6. DAGING, UNGGAS DAN HASIL OLAHANNYA",composite,56,48.8,300,24.0,20.7,4.5,0.0,2.0,170.0,170.0,4.1,34.0,6.0,0.4,3.0,,0.0,,0.1,0.4,10.6,,100.0
FP004,"Crocodile jerky, raw",KZGMI-2001 PANGAN,"4.6. DAGING, UNGGAS DAN HASIL OLAHANNYA",composite,56,12.3,365,49.6,4.8,30.8,,2.5,60.0,130.0,4.3,500.0,680.0,0.2,11.6,,0.0,,,,0.2,,100.0
FP006,"Alabio duck jerky, raw",KZGMI-2001,"4.6. DAGING, UNGGAS DAN HASIL OLAHANNYA",composite,57,12.7,496,30.3,33.5,18.4,,5.1,135.0,370.0,12.5,1081.0,478.0,0.7,0.3,,0.0,,,,,,100.0
FP007,Tendon cracker (kerupuk urat),KZGMI-2001,"4.6. DAGING, UNGGAS DAN HASIL OLAHANNYA",composite,57,3.6,588,53.7,40.9,1.2,,0.6,36.0,15.0,1.3,1024.0,37.0,0.1,0.2,2802.0,,,,,,,100.0
FP008,"Deer jerky, raw",KZGMI-2001,"4.6. DAGING, UNGGAS DAN HASIL OLAHANNYA",composite,57,14.3,322,55.8,2.0,22.7,,5.3,55.0,310.0,2.1,765.0,1282.0,1.7,3.2,3391.0,26.0,,,,,,100.0
FP009,"Green pigeon meat, fried",KZGMI-2001,"4.6. DAGING, UNGGAS DAN HASIL OLAHANNYA",composite,57,54.5,224,26.2,11.3,4.4,,3.6,362.0,362.0,3.1,2.0,19.0,0.3,1.6,,,,,,,,100.0
FP010,"Venison jerky, raw",KZGMI-2001,"4.6. DAGING, UNGGAS DAN HASIL OLAHANNYA",composite,57,18.3,536,40.5,41.5,0.0,,2.5,90.0,420.0,13.4,130.0,690.0,0.3,10.7,285.0,,,,,0.2,,100.0
FP011,Shredded beef floss (abon sapi),KZGPI-1990,"4.6. DAGING, UNGGAS DAN HASIL OLAHANNYA",composite,57,7.1,212,18.0,10.6,59.3,7.5,4.7,150.0,209.0,12.3,,,,,0.0,240.0,138.0,0.17,,,0.0,100.0
FP012,Original shredded beef floss,KZGPI-1990,"4.6. DAGING, UNGGAS DAN HASIL OLAHANNYA",composite,57,24.8,358,14.6,16.1,38.6,2.5,5.8,165.0,136.0,14.6,,,,,3.0,194.0,144.0,0.13,,,0.0,100.0
FP013,Smoked beef,DABM-1964,"4.6. DAGING, UNGGAS DAN HASIL OLAHANNYA",composite,57,60.0,182,32.0,6.0,0.0,0.0,2.0,15.0,300.0,5.0,1620.0,485.4,0.03,5.1,6.0,,,0.12,0.23,5.9,0.0,100.0
FP014,"Beef jerky, raw",DABM-1964,"4.6. DAGING, UNGGAS DAN HASIL OLAHANNYA",composite,57,25.0,301,55.0,9.0,0.0,,11.0,30.0,370.0,5.1,,,,,0.0,,,0.1,,,0.0,100.0
FP015,Corned beef,DABM-1964,"4.6. DAGING, UNGGAS DAN HASIL OLAHANNYA",composite,57,53.0,289,16.0,25.0,0.0,0.0,6.0,10.0,170.0,4.0,794.0,94.4,0.07,4.0,0.0,52.0,,0.01,0.16,2.7,0.0,100.0
FP016,Beef sausage (wurst),DABM-1964,"4.6. DAGING, UNGGAS DAN HASIL OLAHANNYA",composite,57,37.6,448,14.5,42.3,2.3,,3.3,28.0,61.0,1.1,765.0,284.5,0.06,1.7,0.0,,,0.1,0.18,4.9,0.0,100.0
FP017,Beef liver sausage (liverwurst),DABM-1964,"4.6. DAGING, UNGGAS DAN HASIL OLAHANNYA",composite,57,56.6,274,16.0,22.0,3.0,2.3,2.4,20.0,150.0,4.0,654.0,158.8,0.22,2.2,1201.0,,,0.2,0.96,4.0,0.0,100.0
FP018,"Beef lung jerky, raw",KZGMI-2001,"4.6. DAGING, UNGGAS DAN HASIL OLAHANNYA",composite,57,9.7,360,57.3,6.0,19.2,,7.8,126.0,903.0,21.1,1483.0,864.0,1.2,6.1,2827.0,,,,,,,100.0
FP019,"Beef lung, fried",KZGMS-1993,"4.6. DAGING, UNGGAS DAN HASIL OLAHANNYA",composite,57,45.5,268,23.9,12.7,14.5,,3.1,102.0,315.0,8.8,923.0,299.0,0.0,1.5,790.0,,,,,,,100.0
FP020,Grilled sago grub,KZGMI-2001,"4.6. DAGING, UNGGAS DAN HASIL OLAHANNYA",composite,57,41.3,380,11.9,30.3,14.9,4.8,1.6,30.0,120.0,1.5,260.0,550.0,3.1,14.2,,0.0,,0.5,2.5,0.1,,100.0
FP021,"Church's Texas fried chicken, breast",KZGPI-1990,"4.6. DAGING, UNGGAS DAN HASIL OLAHANNYA",composite,57,42.2,338,35.2,20.6,0.4,0.0,1.5,79.0,221.0,5.6,800.0,369.5,0.16,1.1,16.0,,80.0,0.52,0.16,12.1,0.0,100.0
FP022,"Church's Texas fried chicken, thigh",KZGPI-1990,"4.6. DAGING, UNGGAS DAN HASIL OLAHANNYA",composite,57,50.3,287,31.0,15.7,1.7,0.0,1.3,99.0,176.0,4.1,723.0,257.0,0.17,1.5,22.0,,30.0,0.66,0.2,5.3,0.0,100.0
FP023,"Church's Texas fried chicken, wing",KZGPI-1990,"4.6. DAGING, UNGGAS DAN HASIL OLAHANNYA",composite,57,47.2,295,34.0,16.0,1.5,0.0,1.3,81.0,179.0,3.0,771.0,237.2,0.16,1.2,13.0,,50.0,0.44,0.13,6.2,0.0,100.0
FP025,"KFC-style fried chicken, breast",KZGPI-1990,"4.6. DAGING, UNGGAS DAN HASIL OLAHANNYA",composite,58,46.5,298,34.2,16.8,0.1,0.0,2.5,90.0,284.0,5.5,741.0,342.0,0.07,1.0,36.0,,50.0,0.19,0.0,0.0,0.0,100.0
FP026,"KFC-style fried chicken, thigh",KZGPI-1990,"4.6. DAGING, UNGGAS DAN HASIL OLAHANNYA",composite,58,48.7,286,32.1,16.1,1.1,0.0,2.0,89.0,248.0,6.9,746.0,265.2,0.09,2.3,31.0,,20.0,0.5,0.21,5.5,0.0,100.0
FP027,"KFC-style fried chicken, wing",KZGPI-1990,"4.6. DAGING, UNGGAS DAN HASIL OLAHANNYA",composite,58,44.7,297,35.9,15.2,1.6,0.0,2.6,103.0,227.0,4.4,807.0,248.4,0.06,1.4,22.0,,70.0,0.73,0.14,6.5,0.0,100.0
FP028,"Mbok Berek fried chicken, breast",KZGPI-1990,"4.6. DAGING, UNGGAS DAN HASIL OLAHANNYA",composite,58,43.4,295,39.2,13.6,1.0,0.0,2.8,114.0,278.0,5.4,,,,,8.0,,50.0,0.19,,,0.0,100.0
FP029,"Pasundan fried chicken, breast",KZGPI-1990,"4.6. DAGING, UNGGAS DAN HASIL OLAHANNYA",composite,58,50.1,246,37.9,9.0,0.7,0.0,2.3,90.0,260.0,7.5,,,,,6.0,,70.0,0.16,,0.0,,100.0
FP030,"Pasundan fried chicken, thigh",KZGPI-1990,"4.6. DAGING, UNGGAS DAN HASIL OLAHANNYA",composite,58,52.8,245,33.1,11.4,0.3,0.0,2.5,90.0,283.0,7.3,,,,,8.0,,40.0,0.37,,0.0,,100.0
FP031,"Pioneer fried chicken, breast",KZGPI-1990,"4.6. DAGING, UNGGAS DAN HASIL OLAHANNYA",composite,58,44.5,295,37.4,14.7,0.6,0.0,2.7,108.0,236.0,6.8,,,,,16.0,,80.0,0.1,,0.0,,100.0
FP032,"Sukabumi fried chicken, breast",KZGPI-1990,"4.6. DAGING, UNGGAS DAN HASIL OLAHANNYA",composite,58,49.8,244,36.7,9.2,1.0,0.0,3.4,81.0,154.0,6.1,,,,,20.0,,80.0,0.66,,0.0,,100.0
FP033,"Sukabumi fried chicken, thigh",KZGPI-1990,"4.6. DAGING, UNGGAS DAN HASIL OLAHANNYA",composite,58,46.0,283,35.7,14.3,0.5,0.0,3.6,68.0,106.0,5.4,,,,,11.0,,60.0,0.36,,0.0,,100.0
FP034,Taliwang spiced grilled chicken dish,KZGMI-2001,"4.6. DAGING, UNGGAS DAN HASIL OLAHANNYA",composite,58,57.5,264,18.2,20.1,2.7,,1.5,94.0,164.0,2.0,507.0,408.0,0.4,12.3,1067.0,,,,,,,100.0
FP035,Wild boar in rica spice dish,KZGMI-2001,"4.6. DAGING, UNGGAS DAN HASIL OLAHANNYA",composite,58,56.2,491,24.6,16.3,0.2,,2.7,18.0,144.0,1.2,1415.0,327.0,0.2,2.6,2193.0,,,0.61,0.47,,0.0,100.0
FP036,Beef burger,KZGMS-1993,"4.6. DAGING, UNGGAS DAN HASIL OLAHANNYA",composite,58,45.5,258,10.6,9.5,32.5,0.4,2.2,210.0,157.0,2.6,572.0,189.1,,,218.0,,7580.0,0.95,,,0.0,100.0
FP037,Beef teriyaki dish,KZGMS-1993,"4.6. DAGING, UNGGAS DAN HASIL OLAHANNYA",composite,58,65.1,151,8.6,3.1,22.3,0.3,0.9,142.0,62.0,2.3,377.0,,,,22.0,,400.0,0.53,,,0.0,100.0
FP038,Beef yakiniku dish,KZGMS-1993,"4.6. DAGING, UNGGAS DAN HASIL OLAHANNYA",composite,58,67.7,132,9.8,1.1,20.7,0.3,0.8,302.0,67.0,2.0,409.0,,,,78.0,,700.0,0.62,,,0.0,100.0
FP039,Brongkos (beef in black nut soup),KZGPI-1990,"4.6. DAGING, UNGGAS DAN HASIL OLAHANNYA",composite,58,76.4,141,15.3,3.3,12.6,1.0,2.4,87.0,97.0,5.1,,,,,4.0,,356.0,0.4,,,0.0,100.0
FP040,Bulgogi dish,KZGMS-1993,"4.6. DAGING, UNGGAS DAN HASIL OLAHANNYA",composite,58,84.2,72,11.4,4.9,1.4,1.7,0.7,214.0,86.0,2.5,509.0,,,,17.0,,,1.08,,,0.0,100.0
FP041,Chicken teriyaki dish,KZGMS-1993,"4.6. DAGING, UNGGAS DAN HASIL OLAHANNYA",composite,58,68.2,168,13.0,9.6,7.5,0.8,1.7,137.0,106.0,3.1,959.0,,,,68.0,,2200.0,0.65,,,0.0,100.0
FP042,Chikiniku (chicken yakiniku) dish,KZGMS-1993 PANGAN,"4.6. DAGING, UNGGAS DAN HASIL OLAHANNYA",composite,58,65.4,143,9.8,1.4,22.8,0.4,0.6,301.0,63.0,2.0,531.0,,,,27.0,,1280.0,0.73,,,0.0,100.0
FP044,Coto Makassar (beef soup) dish,KZGMI-2001,"4.6. DAGING, UNGGAS DAN HASIL OLAHANNYA",composite,59,85.9,84,6.0,6.0,1.4,,0.7,8.0,104.0,4.0,90.0,25.0,0.3,0.6,,,,0.16,0.14,10.3,,100.0
FP045,Djibokum spiced dish,KZGMS-1993,"4.6. DAGING, UNGGAS DAN HASIL OLAHANNYA",composite,59,43.4,248,10.0,2.3,40.9,0.1,3.4,116.0,110.0,2.8,401.0,,,,52.0,,1920.0,0.75,,,0.0,100.0
FP046,Fried spiced beef (empal) dish,KZGMS-1993,"4.6. DAGING, UNGGAS DAN HASIL OLAHANNYA",composite,59,43.9,248,36.2,6.9,10.1,,2.0,131.0,235.0,6.4,848.0,,,,112.0,,620.0,0.55,,,0.0,100.0
FP047,Goat curry (gulai kambing),KZGMI-2001,"4.6. DAGING, UNGGAS DAN HASIL OLAHANNYA",composite,59,78.4,126,4.2,9.4,6.2,,1.8,45.0,73.0,1.3,302.0,138.0,0.2,1.1,151.0,,,0.13,0.01,,,100.0
FP048,Jangang bintatoeng chicken dish,KZGMI-2001,"4.6. DAGING, UNGGAS DAN HASIL OLAHANNYA",composite,59,73.6,107,5.3,2.2,16.5,,2.4,64.0,61.0,2.5,482.0,406.0,0.2,0.8,,,,0.18,0.02,3.4,,100.0
FP049,Chicken kalio (dry coconut milk curry),KZGMS-1993,"4.6. DAGING, UNGGAS DAN HASIL OLAHANNYA",composite,59,64.7,203,16.0,13.5,4.4,,1.4,278.0,177.0,4.2,534.0,,,,105.0,,3780.0,0.35,,,0.0,100.0
FP050,Offal kalio (dry coconut milk curry),KZGMS-1993,"4.6. DAGING, UNGGAS DAN HASIL OLAHANNYA",composite,59,68.9,163,16.5,9.0,4.1,,1.5,102.0,268.0,7.1,570.0,,,,298.0,,1960.0,0.7,,,0.0,100.0
FP051,Beef tendon kalio dish,KZGMS-1993,"4.6. DAGING, UNGGAS DAN HASIL OLAHANNYA",composite,59,75.3,122,13.8,5.7,3.9,,1.3,154.0,59.0,3.4,519.0,,,,36.0,,1440.0,0.38,,,0.0,100.0
FP052,Brain kalio dish,KZGMS-1993,"4.6. DAGING, UNGGAS DAN HASIL OLAHANNYA",composite,59,70.3,157,8.1,8.8,11.4,,1.4,212.0,69.0,3.3,604.0,,,,32.0,,1040.0,0.45,,,0.0,100.0
FP053,Balinese pork lawar dish,KZGPI-1990,"4.6. DAGING, UNGGAS DAN HASIL OLAHANNYA",composite,59,68.8,174,17.0,10.0,3.0,0.0,1.2,61.0,141.0,3.0,,,,0.0,,0.0,,0.1,,0.0,,100.0
FP054,Sea turtle lawar dish,KZGPI-1990,"4.6. DAGING, UNGGAS DAN HASIL OLAHANNYA",composite,59,66.3,141,23.0,1.5,7.6,0.0,1.6,69.0,141.0,6.0,,,,0.0,,0.0,,0.1,,0.0,,100.0
FP055,Lawara jangang chicken dish,KZGMI-2001,"4.6. DAGING, UNGGAS DAN HASIL OLAHANNYA",composite,59,72.4,159,5.0,10.9,10.1,,1.6,57.0,107.0,1.5,400.0,2368.0,0.1,1.0,14.0,,,0.25,0.16,,,100.0
FP056,Naan maran beef dish,KZGMI-2001,"4.6. DAGING, UNGGAS DAN HASIL OLAHANNYA",composite,59,14.8,478,38.3,33.9,5.1,,7.9,30.0,390.0,11.8,220.0,320.0,0.6,3.9,33.0,,,,,0.2,,100.0
FP057,Nasu likku (lemongrass beef) dish,KZGMI-2001,"4.6. DAGING, UNGGAS DAN HASIL OLAHANNYA",composite,59,59.0,196,14.5,8.3,15.9,,2.3,69.0,157.0,1.0,386.0,470.0,0.3,2.0,,,,0.2,0.24,1.5,,100.0
FP058,Oramu ninahu ndawa olaho dish,KZGMI-2001,"4.6. DAGING, UNGGAS DAN HASIL OLAHANNYA",composite,59,74.9,117,13.7,5.0,4.3,,0.1,964.0,804.0,2.0,,727.0,0.3,1.5,4095.0,,,0.77,0.04,1.7,,100.0
FP059,Bat (paniki) in coconut milk dish,KZGMI-2001,"4.6. DAGING, UNGGAS DAN HASIL OLAHANNYA",composite,59,25.4,460,28.5,35.2,7.2,,3.7,188.0,357.0,5.5,2002.0,532.0,0.4,2.5,954.0,,,0.27,0.19,,,100.0
FP061,Rawon (black nut beef soup) dish,KZGPI-1990,"4.6. DAGING, UNGGAS DAN HASIL OLAHANNYA",composite,60,86.0,60,5.4,2.5,4.0,,2.1,272.0,153.0,3.3,,,,,10.0,,1235.0,0.09,,,0.0,100.0
FP062,Beef rendang (dry coconut spice) dish,KZGPI-1990,"4.6. DAGING, UNGGAS DAN HASIL OLAHANNYA",composite,60,57.9,193,22.6,7.9,7.8,0.0,3.8,474.0,211.0,14.9,,,,,21.0,,534.0,0.12,,0.0,,100.0
FP063,Dog meat dish (RW),KZGMI-2001,"4.6. DAGING, UNGGAS DAN HASIL OLAHANNYA",composite,60,60.8,198,24.6,10.7,0.9,,3.0,1071.0,876.0,4.0,1604.0,226.0,0.1,2.8,256.0,,,0.35,0.2,,,100.0
FP064,Sea turtle satay dish,KZGPI-1990,"4.6. DAGING, UNGGAS DAN HASIL OLAHANNYA",composite,60,57.4,179,22.5,3.5,13.3,0.0,3.3,187.0,238.0,14.4,,,,0.0,,0.0,,0.1,,0.0,,100.0
FP065,Pusut satay dish,KZGMI-2001,"4.6. DAGING, UNGGAS DAN HASIL OLAHANNYA",composite,60,52.1,274,12.9,18.6,13.6,,2.8,63.0,190.0,2.7,609.0,,,,133.0,0.0,,0.06,,0.0,,100.0
FP066,Sea turtle serapah dish,KZGPI-1990,"4.6. DAGING, UNGGAS DAN HASIL OLAHANNYA",composite,60,71.3,174,13.1,12.2,2.2,0.0,1.2,72.0,186.0,9.5,,507.0,0.8,2.4,1302.0,,,,,,,100.0
FP067,Sie reuboh (Acehnese spiced meat) dish,KZGMI-2001,"4.6. DAGING, UNGGAS DAN HASIL OLAHANNYA",composite,60,32.4,474,11.2,42.5,11.7,,2.2,26.0,62.0,1.3,677.0,176.0,2.4,3.2,141.0,9.0,,0.46,0.26,,,100.0
FP068,Oxtail soup dish,KZGMS-1993,"4.6. DAGING, UNGGAS DAN HASIL OLAHANNYA",composite,60,86.1,71,7.5,3.6,2.2,,0.6,286.0,38.0,3.2,490.0,,,,119.0,,2900.0,0.14,,,0.0,100.0
FP069,Beef soup dish,KZGMS-1993,"4.6. DAGING, UNGGAS DAN HASIL OLAHANNYA",composite,60,87.5,49,5.8,0.5,5.3,,0.9,158.0,48.0,2.2,391.0,,,,101.0,,3320.0,0.37,,,0.0,100.0
FP070,Beef feet soup dish,KZGMS-1993,"4.6. DAGING, UNGGAS DAN HASIL OLAHANNYA",composite,60,84.5,68,9.0,1.9,3.7,,0.9,302.0,15.0,2.2,435.0,,,,48.0,,150.0,0.46,,,0.0,100.0
FP071,Goat soup dish,KZGMS-1993,"4.6. DAGING, UNGGAS DAN HASIL OLAHANNYA",composite,60,91.6,34,5.5,0.8,1.1,,1.0,145.0,37.0,1.6,348.0,,,,48.0,,80.0,0.57,,,0.0,100.0
FP072,Konro (beef rib) soup dish,KZGMI-2001,"4.6. DAGING, UNGGAS DAN HASIL OLAHANNYA",composite,60,85.0,71,7.4,2.6,4.5,,0.5,17.0,60.0,4.6,184.0,25.0,0.3,1.3,,,,0.12,0.02,10.9,0.0,100.0
FP073,Saudara (Makassar) beef soup dish,KZGMI-2001,"4.6. DAGING, UNGGAS DAN HASIL OLAHANNYA",composite,60,82.4,89,7.2,5.0,3.9,,1.5,10.0,174.0,9.0,274.0,50.0,0.2,1.1,,,,0.09,0.12,2.0,0.0,100.0
FP074,Bandung soto (beef radish soup) dish,KZGPI-1990,"4.6. DAGING, UNGGAS DAN HASIL OLAHANNYA",composite,60,89.9,42,3.9,1.7,2.8,0.4,1.8,74.0,75.0,1.8,,,,,6.0,20.0,,,,0.0,0.0,100.0
FP075,Banjar soto (chicken soup) dish,KZGMI-2001,"4.6. DAGING, UNGGAS DAN HASIL OLAHANNYA",composite,60,83.7,110,2.9,9.5,3.2,,0.7,28.0,28.0,0.3,36.0,6.0,0.0,0.2,12.0,,770.0,0.05,,,0.0,100.0
FP076,Betawi soto (beef coconut milk soup) dish,KZGPI-1990,"4.6. DAGING, UNGGAS DAN HASIL OLAHANNYA",composite,60,75.9,135,2.5,8.8,11.5,0.5,1.3,222.0,72.0,1.9,,,,,6.0,,336.0,0.04,,0.0,0.0,100.0
FP077,Offal soto dish,KZGMS-1993 PANGAN,"4.6. DAGING, UNGGAS DAN HASIL OLAHANNYA",composite,60,81.4,92,11.8,4.3,1.4,,1.1,218.0,48.0,1.9,363.0,,,,85.0,,440.0,0.36,,,0.0,100.0
FP079,Madura soto (beef soup) dish,KZGPI-1990,"4.6. DAGING, UNGGAS DAN HASIL OLAHANNYA",composite,61,89.8,60,3.5,4.5,1.3,0.0,0.9,361.0,126.0,3.8,,,,,26.0,,121.0,0.06,,0.0,0.0,100.0
FP080,Padang soto (beef soup) dish,KZGPI-1990,"4.6. DAGING, UNGGAS DAN HASIL OLAHANNYA",composite,61,75.0,127,5.9,6.6,11.0,0.7,2.0,298.0,94.0,1.5,,,,,12.0,,204.0,0.22,,0.0,0.0,100.0
FP081,Pekalongan soto dish,KZGPI-1990,"4.6. DAGING, UNGGAS DAN HASIL OLAHANNYA",composite,61,83.8,94,3.0,6.8,5.1,0.3,1.3,322.0,79.0,2.0,,,,,14.0,,119.0,0.29,,0.0,0.0,100.0
FP082,Pemalang soto dish,KZGPI-1990,"4.6. DAGING, UNGGAS DAN HASIL OLAHANNYA",composite,61,86.0,75,3.6,5.2,3.5,0.0,1.7,170.0,80.0,2.1,,,,,16.0,,30.0,0.13,,0.0,0.0,100.0
FP083,Sukaraja soto dish,KZGPI-1990,"4.6. DAGING, UNGGAS DAN HASIL OLAHANNYA",composite,61,75.9,80,3.2,3.5,9.0,0.3,1.1,347.0,77.0,2.3,,,,,12.0,,89.0,0.04,,0.0,0.0,100.0
FP084,Sulung soto (beef offal soup) dish,KZGPI-1990,"4.6. DAGING, UNGGAS DAN HASIL OLAHANNYA",composite,61,88.1,86,2.3,8.5,0.0,0.0,1.1,200.0,120.0,2.9,,,,,20.0,,105.0,0.08,,0.0,0.0,100.0
FP085,Sukiyaki dish,KZGMS-1993,"4.6. DAGING, UNGGAS DAN HASIL OLAHANNYA",composite,61,81.0,75,5.6,0.4,12.2,0.2,0.8,109.0,59.0,0.5,426.0,,,,41.0,,1200.0,0.37,,,0.0,100.0
FP086,Pallu basa (Makassar buffalo stew) dish,KZGMI-2001,"4.6. DAGING, UNGGAS DAN HASIL OLAHANNYA",composite,61,81.7,83,10.4,3.4,2.8,,1.7,10.0,139.0,2.6,397.0,34.0,0.6,1.3,,,,0.09,0.53,9.0,0.0,100.0
FP087,Rat meat in rica spice dish,KZGMI-2001,"4.6. DAGING, UNGGAS DAN HASIL OLAHANNYA",composite,61,54.9,257,18.8,18.5,3.8,,4.0,232.0,293.0,6.5,1724.0,308.0,0.5,2.3,674.0,,,0.28,0.38,,,100.0
FP088,Tinoransa (Minahasan pork) dish,KZGMI-2001,"4.6. DAGING, UNGGAS DAN HASIL OLAHANNYA",composite,61,31.6,516,17.7,49.5,0.0,,1.2,698.0,648.0,3.5,1307.0,320.0,0.1,1.8,710.0,,,0.29,0.17,,,100.0
GR001,"Freshwater eel, fresh",KZGMI-2001,"4.7. IKAN, KERANG, UDANG DAN HASIL OLAHANNYA",single,63,81.5,70,14.6,0.8,1.0,0.0,2.1,49.0,155.0,1.5,55.0,169.0,0.2,1.2,,0.0,,0.22,0.12,7.7,,
GR002,"Sea eel, fresh",KZGPI-1990,"4.7. IKAN, KERANG, UDANG DAN HASIL OLAHANNYA",single,63,79.5,93,12.8,1.5,6.1,0.0,4.1,60.0,199.0,3.0,33.0,175.9,0.1,1.0,51.0,3.0,71.0,0.06,0.0,2.7,,
GR003,"Squid, fresh",KZGPI-1990,"4.7. IKAN, KERANG, UDANG DAN HASIL OLAHANNYA",single,63,82.2,75,16.1,0.7,0.1,0.0,0.9,32.0,200.0,1.8,37.0,204.1,1.6,1.3,0.0,20.0,0.0,0.08,0.0,2.5,0.0,
GR004,"Bader fish, fresh",DABM-1964,"4.7. IKAN, KERANG, UDANG DAN HASIL OLAHANNYA",single,63,66.0,193,19.0,13.0,0.0,0.0,2.0,48.0,150.0,0.4,118.0,264.9,0.1,0.2,45.0,0.0,,0.01,0.1,4.1,0.0,
GR005,"Balong fish, fresh",KZGPI-1990,"4.7. IKAN, KERANG, UDANG DAN HASIL OLAHANNYA",single,63,76.5,107,16.5,3.9,1.5,0.0,1.5,54.0,202.0,2.0,86.0,253.4,0.5,1.0,25.0,0.0,0.0,0.05,0.1,2.5,0.0,
GR006,"Bambangan fish, fresh",KZGPI-1990,"4.7. IKAN, KERANG, UDANG DAN HASIL OLAHANNYA",single,63,73.7,112,20.0,1.3,3.7,0.0,1.3,98.0,120.0,3.0,148.0,258.7,0.0,0.1,0.0,0.0,0.0,0.07,0.0,0.3,0.0,
GR007,"Milkfish (bandeng), fresh",DABM-1964,"4.7. IKAN, KERANG, UDANG DAN HASIL OLAHANNYA",single,63,74.0,123,20.0,4.8,0.0,0.0,1.2,20.0,150.0,2.0,67.0,271.1,0.0,0.9,45.0,21.0,,0.05,0.1,6.0,0.0,
GR008,"Banjar fish, fresh",KZGPI-1990,"4.7. IKAN, KERANG, UDANG DAN HASIL OLAHANNYA",single,63,73.5,111,19.4,0.9,4.8,0.0,1.4,68.0,278.0,7.3,99.0,338.7,0.2,0.6,0.0,62.0,0.0,0.03,0.2,7.3,0.0,
GR009,"Rabbitfish (baronang), fresh",KZGMI-2001,"4.7. IKAN, KERANG, UDANG DAN HASIL OLAHANNYA",single,63,80.0,78,14.5,0.6,3.7,0.0,1.2,26.0,521.0,3.8,26.0,692.0,4.7,4.1,732.0,0.0,,0.2,0.04,3.0,0.0,
GR010,"Batung fish, fresh",KZGMI-2001,"4.7. IKAN, KERANG, UDANG DAN HASIL OLAHANNYA",single,63,75.7,115,14.5,4.6,4.2,0.0,1.1,,207.0,0.0,42.0,361.0,0.2,0.9,,0.0,,1.2,0.04,1.1,,
GR011,"Baung catfish, fresh",KZGMI-2001,"4.7. IKAN, KERANG, UDANG DAN HASIL OLAHANNYA",single,63,74.9,123,15.1,5.5,3.3,0.0,1.2,5.0,146.0,1.3,32.0,349.0,0.1,0.7,,0.0,,0.2,0.03,1.2,,
GR012,"Pomfret fish, fresh",DABM-1964,"4.7. IKAN, KERANG, UDANG DAN HASIL OLAHANNYA",single,63,78.0,91,19.0,1.7,0.0,0.0,1.3,20.0,150.0,2.0,129.0,233.3,0.1,0.3,45.0,0.0,,0.05,0.1,1.8,0.0,
GR013,"Clown featherback fish (belida), fresh",KZGMI-2001,"4.7. IKAN, KERANG, UDANG DAN HASIL OLAHANNYA",single,63,79.2,80,14.7,1.4,2.2,0.0,2.3,303.0,315.0,1.3,41.0,356.0,0.0,0.8,,0.0,,1.2,0.14,1.4,,
GR014,"Beunteur (Barbodes) fish, fresh",DABM-1964,"4.7. IKAN, KERANG, UDANG DAN HASIL OLAHANNYA",single,63,70.0,109,17.0,4.0,0.0,0.0,9.0,500.0,500.0,1.0,109.0,323.5,0.6,1.3,45.0,,,0.05,0.1,2.6,0.0,
GR015,"Giant gourami (biawan), fresh",KZGMI-2001,"4.7. IKAN, KERANG, UDANG DAN HASIL OLAHANNYA",single,63,79.1,90,14.9,2.5,2.1,0.0,1.4,125.0,265.0,1.0,35.0,207.0,0.4,0.6,,,,0.36,0.03,2.9,,
GR016,"Bili anchovy fish, fresh",KZGMI-2001,"4.7. IKAN, KERANG, UDANG DAN HASIL OLAHANNYA",single,63,68.3,88,14.2,0.7,6.2,0.0,10.6,27.0,1760.0,1.5,217.0,202.0,0.0,4.1,,0.0,,0.72,0.09,2.7,,
GR017,"Giant trevally (bubara), fresh",KZGMI-2001,"4.7. IKAN, KERANG, UDANG DAN HASIL OLAHANNYA",single,63,75.5,100,14.7,2.4,4.9,,1.6,90.0,90.0,0.4,390.0,390.0,0.7,0.8,,,,,,,,
GR018,"Tarpon (bulan-bulan) fish, fresh",KZGMI-2001,"4.7. IKAN, KERANG, UDANG DAN HASIL OLAHANNYA",single,63,66.7,134,25.5,1.3,5.0,,1.5,29.0,29.0,0.5,197.0,489.0,0.1,0.5,,,,0.3,0.02,0.8,,
GR019,"Skipjack tuna, fresh",KZGMI-2001,"4.7. IKAN, KERANG, UDANG DAN HASIL OLAHANNYA",single,63,73.0,107,19.6,0.7,5.5,0.0,1.2,23.0,242.0,2.9,66.0,239.0,0.2,0.6,386.0,0.0,,0.17,0.05,21.7,0.0,
GR020,"Skipjack tuna liver, fresh",KZGMI-2001,"4.7. IKAN, KERANG, UDANG DAN HASIL OLAHANNYA",single,63,73.4,120,11.3,3.9,10.0,,1.4,30.0,30.0,0.9,420.0,280.0,1.6,4.3,,,,,,0.2,,
GR022,"Skipjack tuna belly, fresh",KZGMI-2001,"4.7. IKAN, KERANG, UDANG DAN HASIL OLAHANNYA",single,64,79.1,86,10.2,1.1,8.7,,0.9,20.0,110.0,2.1,230.0,210.0,0.3,9.3,,,,0.24,,0.3,,
GR023,"Leaf fish, fresh",KZGMI-2001,"4.7. IKAN, KERANG, UDANG DAN HASIL OLAHANNYA",single,64,78.6,101,11.5,4.1,4.6,0.0,1.2,80.0,210.0,0.8,120.0,270.0,0.1,0.9,0.0,,,0.08,0.07,0.1,0.0,
GR024,"Yellowtail fusilier fish, fresh",KZGMI-2001,"4.7. IKAN, KERANG, UDANG DAN HASIL OLAHANNYA",single,64,74.1,108,22.3,1.2,2.1,0.0,0.3,30.0,220.0,0.5,50.0,230.0,0.1,0.6,40.0,29.0,,0.0,0.1,0.2,,
GR025,"Snakehead fish, fresh",KZGMI-2001,"4.7. IKAN, KERANG, UDANG DAN HASIL OLAHANNYA",single,64,79.6,80,16.2,0.5,2.6,0.0,1.1,170.0,139.0,0.1,65.0,254.0,0.3,0.4,335.0,,,0.4,0.2,0.1,,
GR026,"Heu fish, fresh",KZGMI-2001,"4.7. IKAN, KERANG, UDANG DAN HASIL OLAHANNYA",single,64,75.6,81,10.0,1.6,6.6,,6.2,1910.0,990.0,2.1,240.0,210.0,0.1,2.7,,,,0.87,,0.2,,
GR027,"Black fish, fresh",KZGMI-2001,"4.7. IKAN, KERANG, UDANG DAN HASIL OLAHANNYA",single,64,78.2,101,10.3,3.7,6.7,0.0,1.1,50.0,140.0,0.4,70.0,210.0,,0.4,67.0,,,0.0,0.1,0.1,,
GR028,"Shark, fresh",KZGPI-1990,"4.7. IKAN, KERANG, UDANG DAN HASIL OLAHANNYA",single,64,85.7,57,10.7,0.3,2.2,0.0,1.1,75.0,206.0,2.0,,,0.02,,,,0.0,0.05,,,0.0,
GR029,"Kacangan fish, fresh",KZGPI-1990,"4.7. IKAN, KERANG, UDANG DAN HASIL OLAHANNYA",single,64,80.7,77,15.6,0.9,1.6,0.0,1.2,94.0,170.0,1.7,,,,,18.0,,0.0,0.07,,,0.0,
GR030,"Snapper fish, fresh",DABM-1964,"4.7. IKAN, KERANG, UDANG DAN HASIL OLAHANNYA",single,64,77.0,92,20.0,0.7,0.0,0.0,2.3,20.0,200.0,1.0,,,,,9.0,,,0.05,,,0.0,
GR031,"Parrotfish, fresh",KZGMI-2001,"4.7. IKAN, KERANG, UDANG DAN HASIL OLAHANNYA",single,64,79.7,82,11.4,1.2,6.4,,1.3,20.0,160.0,0.4,90.0,300.0,0.1,0.3,18.0,,,,,0.2,,
GR032,"Kalaban fish, fresh",KZGMI-2001,"4.7. IKAN, KERANG, UDANG DAN HASIL OLAHANNYA",single,64,80.3,77,16.4,0.7,1.3,0.0,1.3,182.0,248.0,0.9,40.0,334.0,0.7,0.8,,,,0.16,0.15,1.9,,
GR033,"Red snapper (kakap merah), fresh",KZGMI-2001,"4.7. IKAN, KERANG, UDANG DAN HASIL OLAHANNYA",single,64,78.5,86,19.7,0.8,0.0,0.0,1.3,50.0,170.0,0.3,90.0,290.0,0.3,0.1,26.0,,,,0.08,0.1,,
GR034,"Kapar fish, fresh",KZGMI-2001,"4.7. IKAN, KERANG, UDANG DAN HASIL OLAHANNYA",single,64,74.2,132,17.0,6.7,0.8,0.0,1.3,151.0,272.0,1.2,78.0,229.0,0.9,0.7,,,,0.07,0.03,,,
GR035,"Kawalinya fish, fresh",KZGMI-2001,"4.7. IKAN, KERANG, UDANG DAN HASIL OLAHANNYA",single,64,76.1,110,12.6,4.2,5.4,,1.7,80.0,300.0,1.5,340.0,300.0,0.2,1.4,146.0,,,,,0.2,,
GR036,"Keru-keru fish, fresh",KZGPI-1990,"4.7. IKAN, KERANG, UDANG DAN HASIL OLAHANNYA",single,64,77.2,93,16.5,2.1,0.8,0.0,3.4,65.0,217.0,2.4,137.0,255.3,0.34,0.7,0.0,,0.0,0.01,0.09,1.6,0.0,55.0
GR037,"Giant clam (tridacna), fresh",KZGMI-2001,"4.7. IKAN, KERANG, UDANG DAN HASIL OLAHANNYA",single,64,82.1,70,10.8,0.7,5.2,,1.2,53.0,72.0,2.0,342.0,101.0,0.5,0.5,401.0,,,0.22,0.05,5.8,,
GR038,"Lais catfish, fresh",KZGPI-1990,"4.7. IKAN, KERANG, UDANG DAN HASIL OLAHANNYA",single,64,65.0,161,11.9,11.5,2.4,0.0,9.2,70.0,237.0,0.0,,,,,0.0,,0.0,0.05,,,0.0,62.0
GR039,"Indian scad (layang) fish, fresh",DABM-1964,"4.7. IKAN, KERANG, UDANG DAN HASIL OLAHANNYA",single,64,74.0,109,22.0,1.7,0.0,0.0,2.3,50.0,150.0,2.0,,,,,45.0,0.0,,0.05,,,0.0,80.0
GR040,"Ribbonfish (hairtail), fresh",KZGPI-1990 PANGAN,"4.7. IKAN, KERANG, UDANG DAN HASIL OLAHANNYA",single,64,80.1,82,18.0,1.0,0.4,0.0,0.5,48.0,229.0,2.2,,,,,4.0,,0.0,0.04,,,0.0,49.0
GR042,"Bali sardinella (lemuru), fresh",DABM-1964,"4.7. IKAN, KERANG, UDANG DAN HASIL OLAHANNYA",single,65,76.0,112,20.0,3.0,0.0,0.0,1.0,20.0,100.0,1.0,,,,,30.0,0.0,,0.05,,,0.0,80.0
GR043,"Tongue sole (lidah) fish, fresh",KZGPI-1990,"4.7. IKAN, KERANG, UDANG DAN HASIL OLAHANNYA",single,65,78.3,104,15.6,3.2,2.0,0.0,0.9,30.0,143.0,2.0,,,,,33.0,,0.0,0.03,,,0.0,
GR044,"Malalugis (blue-spined unicornfish), fresh",KZGMI-2001,"4.7. IKAN, KERANG, UDANG DAN HASIL OLAHANNYA",single,65,75.6,99,20.6,1.4,0.9,,1.5,164.0,330.0,0.5,76.0,282.0,0.2,0.9,661.0,,,0.3,0.02,0.5,,
GR045,"Red mamar fish, fresh",KZGMI-2001,"4.7. IKAN, KERANG, UDANG DAN HASIL OLAHANNYA",single,65,75.0,115,15.3,4.0,4.4,0.0,1.3,60.0,190.0,1.6,120.0,240.0,0.2,1.0,,,,0.2,0.1,0.1,,
GR046,"Common carp, fresh",DABM-1964,"4.7. IKAN, KERANG, UDANG DAN HASIL OLAHANNYA",single,65,80.0,86,16.0,2.0,0.0,0.0,2.0,20.0,150.0,2.0,65.0,276.7,0.1,1.1,45.0,8.0,,0.05,0.1,2.6,0.0,80.0
GR047,"Mayong (queenfish), fresh",KZGPI-1990,"4.7. IKAN, KERANG, UDANG DAN HASIL OLAHANNYA",single,65,78.2,97,17.9,2.0,0.4,0.0,1.5,40.0,100.0,2.5,,,,,21.0,,0.0,0.1,,,0.0,89.0
GR048,"Tilapia (mujair), fresh",KZGPI-1990,"4.7. IKAN, KERANG, UDANG DAN HASIL OLAHANNYA",single,65,79.7,89,18.7,1.0,0.0,0.0,1.1,96.0,209.0,1.5,51.0,265.8,0.0,0.2,6.0,3.0,5.0,0.03,0.1,2.0,0.0,80.0
GR049,"Nasu metti fish, fresh",KZGMI-2001,"4.7. IKAN, KERANG, UDANG DAN HASIL OLAHANNYA",single,65,65.3,154,16.8,5.0,10.5,,2.4,80.0,244.0,1.6,421.0,488.0,0.2,1.2,,,,0.47,0.15,9.6,,
GR050,"Indian mackerel (kembung), fresh",KZGMI-2001,"4.7. IKAN, KERANG, UDANG DAN HASIL OLAHANNYA",single,65,71.4,125,21.3,3.4,2.2,,1.7,136.0,69.0,0.8,214.0,245.0,0.2,1.1,,,,0.26,0.03,0.2,,80.0
GR051,"Paling fish, fresh",DABM-1964,"4.7. IKAN, KERANG, UDANG DAN HASIL OLAHANNYA",single,65,58.0,303,14.0,27.0,0.0,0.0,1.0,20.0,200.0,1.0,43.0,,,,485.0,0.0,,0.1,,,2.0,100.0
GR052,"Climbing perch (betok), fresh",KZGMI-2001,"4.7. IKAN, KERANG, UDANG DAN HASIL OLAHANNYA",single,65,75.0,120,14.3,4.9,4.6,0.0,1.2,329.0,436.0,1.5,240.0,169.0,0.8,1.1,,0.0,,0.0,0.05,3.1,,
GR053,"Pangasius catfish (patin), fresh",KZGMI-2001,"4.7. IKAN, KERANG, UDANG DAN HASIL OLAHANNYA",single,65,74.4,132,17.0,6.6,1.1,0.0,0.9,31.0,173.0,1.6,77.0,346.0,0.7,0.8,,7.0,,0.2,0.03,1.7,,
GR054,"Pomo fish, fresh",KZGMI-2001,"4.7. IKAN, KERANG, UDANG DAN HASIL OLAHANNYA",single,65,68.3,147,22.5,5.2,2.6,,1.4,80.0,230.0,1.3,,380.0,0.2,0.7,89.0,,,,,,,
GR055,"Puntin fish, fresh",KZGMI-2001,"4.7. IKAN, KERANG, UDANG DAN HASIL OLAHANNYA",single,65,81.1,76,14.4,1.1,2.2,,1.2,28.0,166.0,0.0,,325.0,0.1,0.6,,,,0.31,0.11,,,
GR056,"Saluang (rasbora) fish, fresh",KZGMI-2001,"4.7. IKAN, KERANG, UDANG DAN HASIL OLAHANNYA",single,65,74.8,113,13.9,4.9,3.4,0.0,3.0,642.0,646.0,1.9,51.0,182.0,0.8,3.6,,,,0.21,0.02,1.8,,89.0
GR057,"Sardine, fresh",KZGMI-2001,"4.7. IKAN, KERANG, UDANG DAN HASIL OLAHANNYA",single,65,72.7,109,19.9,1.8,3.4,0.0,2.2,95.0,597.0,1.3,266.0,227.0,0.3,2.0,195.0,0.0,,0.26,0.03,4.4,,
GR058,"Bigeye scad (selar) fish, fresh",DABM-1964,"4.7. IKAN, KERANG, UDANG DAN HASIL OLAHANNYA",single,65,75.4,100,18.8,2.2,0.0,0.0,3.6,40.0,179.0,0.5,43.0,392.6,0.1,0.3,45.0,0.0,,0.37,0.2,3.4,0.0,48.0
GR059,"Three-spot gourami (sepat) fish, fresh",KZGMI-2001,"4.7. IKAN, KERANG, UDANG DAN HASIL OLAHANNYA",single,65,78.8,84,15.2,0.6,4.7,0.0,0.8,68.0,171.0,2.1,211.0,198.0,0.7,0.6,,0.0,,0.16,0.03,1.9,,75.0
GR060,"Tropical eel (sidat), fresh",KZGPI-1990,"4.7. IKAN, KERANG, UDANG DAN HASIL OLAHANNYA",single,65,71.3,81,11.4,1.9,3.8,0.0,11.6,118.0,174.0,3.0,46.0,245.9,0.0,1.5,15.0,0.0,0.0,0.0,0.4,3.2,0.0,100.0
GR061,"Grouper fish, fresh",KZGMI-2001,"4.7. IKAN, KERANG, UDANG DAN HASIL OLAHANNYA",single,65,75.5,111,13.3,3.4,6.7,,1.1,86.0,174.0,1.2,91.0,197.0,0.0,0.6,309.0,,,1.03,0.1,0.2,,70.0
GR063,"Tarmon fish, fresh",KZGMI-2001,"4.7. IKAN, KERANG, UDANG DAN HASIL OLAHANNYA",single,66,76.7,96,19.5,1.1,2.0,0.0,0.8,9.0,129.0,0.3,43.0,154.0,0.1,0.5,,,,0.15,0.02,1.7,,
GR064,"Telan fish, fresh",KZGMI-2001,"4.7. IKAN, KERANG, UDANG DAN HASIL OLAHANNYA",single,66,75.3,95,15.8,0.7,6.5,0.0,1.7,503.0,354.0,0.2,58.0,294.0,1.6,1.2,,,,0.18,0.02,1.9,,
GR065,"Goldstripe sardinella (tembang), fresh",DABM-1964,"4.7. IKAN, KERANG, UDANG DAN HASIL OLAHANNYA",single,66,65.0,204,16.0,15.0,0.0,0.0,4.0,20.0,200.0,2.0,341.0,291.0,0.4,2.6,30.0,0.0,,0.05,0.0,5.6,0.0,80.0
GR066,"Tempahas fish, fresh",KZGMI-2001,"4.7. IKAN, KERANG, UDANG DAN HASIL OLAHANNYA",single,66,78.9,101,15.1,4.1,1.0,0.0,0.9,32.0,163.0,0.0,50.0,320.0,0.7,0.6,,,,0.02,0.05,1.5,,
GR067,"Flying fish, fresh",KZGMI-2001,"4.7. IKAN, KERANG, UDANG DAN HASIL OLAHANNYA",single,66,76.1,98,19.6,1.7,1.0,0.0,1.6,90.0,190.0,0.6,90.0,320.0,0.1,0.5,39.0,0.0,,0.0,0.1,0.1,,
GR068,"Anchovy, fresh",KZGPI-1990,"4.7. IKAN, KERANG, UDANG DAN HASIL OLAHANNYA",single,66,80.0,74,10.3,1.4,4.1,0.0,4.2,972.0,253.0,3.9,554.0,126.1,305.2,0.2,13.0,0.0,28.0,0.24,0.1,1.9,0.0,100.0
GR069,"Titang fish, fresh",KZGMI-2001,"4.7. IKAN, KERANG, UDANG DAN HASIL OLAHANNYA",single,66,78.8,82,17.4,0.4,2.3,0.0,1.1,145.0,130.0,1.8,110.0,275.0,0.1,0.8,581.0,,,0.64,0.03,1.5,,
GR070,"Eastern little tuna (tongkol), fresh",KZGMI-2001,"4.7. IKAN, KERANG, UDANG DAN HASIL OLAHANNYA",single,66,74.7,100,13.7,1.5,8.0,0.0,2.1,92.0,606.0,1.7,202.0,227.0,0.2,1.6,181.0,0.0,,0.35,0.03,6.6,,100.0
GR071,"Turi fish, fresh",KZGMI-2001,"4.7. IKAN, KERANG, UDANG DAN HASIL OLAHANNYA",single,66,76.9,96,19.2,2.0,0.2,,2.1,340.0,340.0,0.8,370.0,300.0,0.1,2.0,26.0,,,,,,,
GR072,"Freshwater snail, fresh",DABM-1964,"4.7. IKAN, KERANG, UDANG DAN HASIL OLAHANNYA",single,66,81.0,64,12.0,1.0,2.0,0.0,4.0,217.0,78.0,1.7,231.0,,0.37,0.1,0.0,244.0,,,,,,46.0
GR073,"Crab, fresh",DABM-1964,"4.7. IKAN, KERANG, UDANG DAN HASIL OLAHANNYA",single,66,68.1,151,13.8,3.8,14.1,0.0,0.2,210.0,250.0,1.1,,,,,61.0,,,0.05,,,0.0,45.0
GR074,"Shellfish (cockle or clam), fresh",KZGPI-1990,"4.7. IKAN, KERANG, UDANG DAN HASIL OLAHANNYA",single,66,78.2,101,14.4,2.6,3.9,0.0,0.9,321.0,270.0,15.6,,,,,0.0,,0.0,0.01,,,0.0,100.0
GR075,"Frog, fresh",DABM-1964,"4.7. IKAN, KERANG, UDANG DAN HASIL OLAHANNYA",single,66,81.9,73,16.4,0.3,0.0,0.0,1.4,18.0,147.0,1.1,,,,,0.0,,,0.14,,,0.0,65.0
GR076,"Turtle, fresh",DABM-1964,"4.7. IKAN, KERANG, UDANG DAN HASIL OLAHANNYA",single,66,80.0,83,19.1,0.2,0.0,0.0,0.7,27.0,87.0,0.7,,,,,0.0,,,0.2,,,0.0,70.0
GR077,"Kuro (threadfin) fish, fresh",KZGPI-1990,"4.7. IKAN, KERANG, UDANG DAN HASIL OLAHANNYA",single,66,79.9,87,16.0,2.2,1.0,0.0,0.9,75.0,136.0,1.0,,,,,6.0,,0.0,0.04,,,0.0,52.0
GR078,"Lokan clam, fresh",KZGMI-2001,"4.7. IKAN, KERANG, UDANG DAN HASIL OLAHANNYA",single,66,80.9,217,11.0,1.7,5.1,,1.3,20.0,390.0,10.9,3.0,7.0,0.2,2.7,,,,0.45,0.07,,,
GR079,"Swimming crab, fresh",KZGMI-2001,"4.7. IKAN, KERANG, UDANG DAN HASIL OLAHANNYA",single,66,80.2,76,12.1,2.0,2.4,0.0,2.7,721.0,214.0,2.2,69.0,192.0,1.7,2.9,599.0,40.0,,0.2,0.25,0.2,,
GR080,"Small shrimp (rebon), fresh",DABM-1964,"4.7. IKAN, KERANG, UDANG DAN HASIL OLAHANNYA",single,66,79.0,81,16.2,1.2,0.7,0.0,2.9,757.0,292.0,2.2,169.0,202.9,0.7,1.2,18.0,0.0,,0.04,0.1,2.4,0.0,100.0
GR081,Fermented fish relish (rusip),KZGPI-1990,"4.7. IKAN, KERANG, UDANG DAN HASIL OLAHANNYA",single,66,58.5,110,11.5,2.0,11.7,0.0,16.3,479.0,348.0,7.1,,,,,0.0,,0.0,0.04,,,0.0,100.0
GR082,"Giant river prawn, fresh",KZGMI-2001,"4.7. IKAN, KERANG, UDANG DAN HASIL OLAHANNYA",single,66,79.0,81,16.5,0.3,3.0,0.0,1.2,87.0,167.0,0.7,95.0,132.0,0.7,1.2,,3.0,,0.24,0.03,2.9,,68.0
GR083,"Large shrimp or prawn, fresh",KZGMI-2001 PANGAN,"4.7. IKAN, KERANG, UDANG DAN HASIL OLAHANNYA",single,66,85.5,56,11.4,0.6,1.2,0.0,1.3,30.0,20.0,0.3,190.0,210.0,0.4,0.8,,0.0,,0.14,0.0,0.1,,68.0
GP001,"Snail (bekicot) jerky, raw",KZGPI-1990,"4.7. IKAN, KERANG, UDANG DAN HASIL OLAHANNYA",composite,67,6.7,441,48.7,20.3,15.8,0.0,8.4,692.0,523.0,16.6,,,,,6.0,,1408.0,0.56,,,69.0,100.0
GP002,"Freshwater eel, fried",KZGPI-1990,"4.7. IKAN, KERANG, UDANG DAN HASIL OLAHANNYA",composite,67,11.2,417,25.9,19.4,32.0,0.0,11.5,840.0,872.0,4.9,71.0,217.7,0.3,1.8,0.0,,0.0,0.0,0.2,10.5,0.0,
GP003,"Squid, fried",KZGPI-1990,"4.7. IKAN, KERANG, UDANG DAN HASIL OLAHANNYA",composite,67,54.2,265,40.6,10.1,0.0,0.0,3.1,62.0,270.0,2.7,86.0,81.9,,,0.0,56.0,0.0,0.09,0.0,6.3,0.0,
GP004,"Salted fish, dried",DABM-1964,"4.7. IKAN, KERANG, UDANG DAN HASIL OLAHANNYA",composite,67,40.0,193,42.0,1.5,0.0,0.0,16.5,200.0,300.0,0.0,,,,,,,,0.01,,,0.0,70.0
GP005,Presto pressure-cooked milkfish dish,KZGPI-1990,"4.7. IKAN, KERANG, UDANG DAN HASIL OLAHANNYA",composite,67,45.3,296,17.1,20.3,11.3,0.0,6.0,1422.0,659.0,1.9,,,,,6.0,0.0,400.0,0.14,,,69.0,100.0
GP006,Grilled baung catfish,KZGMI-2001,"4.7. IKAN, KERANG, UDANG DAN HASIL OLAHANNYA",composite,67,69.8,144,17.8,5.8,5.2,,1.4,18.0,169.0,0.0,168.0,236.0,0.1,0.7,,,,0.0,0.0,1.3,,
GP007,Grilled clown featherback fish,KZGMI-2001,"4.7. IKAN, KERANG, UDANG DAN HASIL OLAHANNYA",composite,67,68.2,128,18.0,3.0,7.2,0.0,3.6,58.0,134.0,0.0,293.0,198.0,0.1,0.4,,0.0,,1.8,0.17,1.5,,
GP008,"Smoked skipjack tuna, raw",KZGMI-2001,"4.7. IKAN, KERANG, UDANG DAN HASIL OLAHANNYA",composite,67,56.9,204,34.2,5.6,1.9,,1.4,14.0,399.0,1.3,176.0,588.0,0.3,0.7,1546.0,,,0.53,0.07,,,70.0
GP009,"Salted skipjack tuna, raw",KZGPI-1990,"4.7. IKAN, KERANG, UDANG DAN HASIL OLAHANNYA",composite,67,41.7,198,36.5,2.2,5.5,0.0,14.1,236.0,346.0,3.7,4304.0,302.1,,,0.0,,0.0,0.06,,,0.0,70.0
GP010,"Peda salted fish, raw",KZGPI-1990,"4.7. IKAN, KERANG, UDANG DAN HASIL OLAHANNYA",composite,67,71.3,81,11.4,1.9,3.8,0.0,11.6,743.0,174.0,22.6,,,,,15.0,,0.0,0.0,,,0.0,100.0
GP011,"Smoked snakehead fish, raw",KZGMI-2001,"4.7. IKAN, KERANG, UDANG DAN HASIL OLAHANNYA",composite,67,26.4,261,38.1,2.3,21.9,0.0,11.3,2510.0,1840.0,2.9,320.0,410.0,0.4,0.8,114.0,,,0.1,0.1,14.5,,80.0
GP012,Dried snakehead fish,DABM-1964,"4.7. IKAN, KERANG, UDANG DAN HASIL OLAHANNYA",composite,67,24.0,268,58.0,4.0,0.0,0.0,14.0,15.0,100.0,0.1,,,,,30.0,,,0.1,,,0.0,80.0
GP013,Fried gete fish,KZGMI-2001,"4.7. IKAN, KERANG, UDANG DAN HASIL OLAHANNYA",composite,67,44.7,267,23.1,19.4,0.2,,12.6,2340.0,1240.0,0.8,590.0,440.0,0.1,1.9,,,,,,0.2,,
GP014,Dried shark,KZGMI-2001,"4.7. IKAN, KERANG, UDANG DAN HASIL OLAHANNYA",composite,67,23.1,298,46.3,3.6,20.2,,6.8,335.0,846.0,2.5,957.0,1457.0,0.5,2.0,661.0,,,0.84,0.11,22.5,,
GP015,Salted katombo fish,KZGPI-1990,"4.7. IKAN, KERANG, UDANG DAN HASIL OLAHANNYA",composite,67,44.7,162,31.7,2.8,0.3,0.0,15.5,279.0,609.0,4.6,4393.0,342.2,2.8,,0.0,,0.0,0.09,,,0.0,70.0
GP016,Dried bonito (ikan kayu),KZGMI-2001,"4.7. IKAN, KERANG, UDANG DAN HASIL OLAHANNYA",composite,67,23.1,302,70.7,1.9,0.4,0.0,3.9,313.0,22.0,4.1,345.0,1045.0,,1.8,,,,1.4,0.04,20.0,,
GP017,Grilled lais catfish,KZGMI-2001,"4.7. IKAN, KERANG, UDANG DAN HASIL OLAHANNYA",composite,67,69.4,147,17.5,6.5,5.4,,1.2,54.0,194.0,0.1,142.0,209.0,,0.5,,,,,,,,
GP018,"Salted lomak fish, raw",KZGMI-2001,"4.7. IKAN, KERANG, UDANG DAN HASIL OLAHANNYA",composite,67,21.6,258,40.3,2.3,18.9,0.0,16.9,140.0,279.0,2.3,6227.0,485.1,2.3,,,,,0.1,0.3,6.0,,
GP019,Steamed carp in banana leaf (pepes ikan mas),KZGPI-1990,"4.7. IKAN, KERANG, UDANG DAN HASIL OLAHANNYA",composite,67,57.5,209,15.2,11.3,11.8,0.5,4.3,686.0,530.0,6.1,74.0,276.7,0.1,1.9,3.0,,315.0,0.13,0.1,2.4,0.0,100.0
GP021,Steamed tilapia in banana leaf (pepes mujair),KZGPI-1990,"4.7. IKAN, KERANG, UDANG DAN HASIL OLAHANNYA",composite,68,73.7,121,21.7,2.8,0.8,0.0,1.0,83.0,248.0,1.6,58.0,265.8,0.0,0.3,8.0,,6.0,0.0,0.1,1.9,0.0,100.0
GP022,"Tilapia jerky, raw",KZGPI-1990,"4.7. IKAN, KERANG, UDANG DAN HASIL OLAHANNYA",composite,68,15.2,582,68.3,15.2,37.2,0.0,14.1,3258.0,1699.0,4.3,,,,,15.0,,20.0,0.27,,,0.0,100.0
GP023,Grilled climbing perch,KZGMI-2001,"4.7. IKAN, KERANG, UDANG DAN HASIL OLAHANNYA",composite,68,66.6,152,17.6,6.1,6.7,0.0,3.0,244.0,227.0,3.4,320.0,224.0,0.2,1.0,,,,,,,,
GP024,Grilled pangasius catfish,KZGMI-2001,"4.7. IKAN, KERANG, UDANG DAN HASIL OLAHANNYA",composite,68,70.3,144,17.5,6.3,4.3,,1.6,191.0,232.0,1.4,379.0,230.0,0.1,0.7,,,,,,,,
GP025,"Banjar peda salted fish, raw",DABM-1964,"4.7. IKAN, KERANG, UDANG DAN HASIL OLAHANNYA",composite,68,46.0,156,28.0,4.0,2.0,0.0,20.0,174.0,316.0,3.1,59.0,368.8,0.0,0.5,33.0,4.0,,0.1,0.1,4.7,,90.0
GP026,"Pepetek fish, raw",DABM-60/64,"4.7. IKAN, KERANG, UDANG DAN HASIL OLAHANNYA",composite,68,33.0,176,32.0,4.4,2.0,0.0,28.6,120.0,200.0,1.0,79.0,1.0,,,15.0,,,0.05,0.1,2.4,0.0,
GP027,"Banjar pindang (boiled salted fish), raw",DABM-60/64,"4.7. IKAN, KERANG, UDANG DAN HASIL OLAHANNYA",composite,68,59.0,157,28.0,4.2,1.8,0.0,7.0,50.0,100.0,1.0,,,,,45.0,,,0.1,,,0.0,
GP028,"Benggol pindang fish, raw",DABM-60/64,"4.7. IKAN, KERANG, UDANG DAN HASIL OLAHANNYA",composite,68,57.0,170,31.0,4.2,0.0,0.0,7.8,50.0,100.0,1.0,,,,,45.0,,,0.1,,,0.0,
GP029,"Pindang Indian scad fish, raw",DABM-60/64,"4.7. IKAN, KERANG, UDANG DAN HASIL OLAHANNYA",composite,68,60.0,153,30.0,2.8,0.0,0.0,7.2,60.0,200.0,3.0,,,,,61.0,,,0.07,,,0.0,
GP030,"Pindang bigeye scad fish, raw",DABM-60/64,"4.7. IKAN, KERANG, UDANG DAN HASIL OLAHANNYA",composite,68,60.0,142,27.0,3.0,0.0,0.0,10.0,60.0,200.0,3.0,,,,,61.0,,,0.07,,,0.0,
GP031,"Sale smoked fish, raw",BKP,"4.7. IKAN, KERANG, UDANG DAN HASIL OLAHANNYA",composite,68,8.5,534,40.2,39.3,4.9,2.0,7.1,199.0,1244.0,2.7,673.0,673.0,0.3,2.6,,410.0,0.0,0.02,0.5,0.0,0.0,100.0
GP032,"Sale smoked lais catfish, raw",KZGPI-1990,"4.7. IKAN, KERANG, UDANG DAN HASIL OLAHANNYA",composite,68,12.4,415,61.3,17.6,2.9,0.0,5.8,258.0,919.0,7.0,381.0,488.0,17.6,1.0,0.0,,0.0,0.03,0.1,17.3,0.0,
GP033,"Dried saluang fish, raw",KZGMI-2001,"4.7. IKAN, KERANG, UDANG DAN HASIL OLAHANNYA",composite,68,33.6,284,34.1,9.9,14.6,0.0,7.8,1426.0,1103.0,9.5,1767.0,263.0,1.3,18.7,,,,0.49,0.03,,,
GP034,Sanggang spiced fish dish,KZGMI-2001,"4.7. IKAN, KERANG, UDANG DAN HASIL OLAHANNYA",composite,68,42.6,240,21.7,7.7,20.7,,7.3,159.0,362.0,9.8,2041.0,159.0,1.5,8.8,,,,0.51,0.02,,,
GP035,"Cured yellow bigeye scad, raw",DABM-1964,"4.7. IKAN, KERANG, UDANG DAN HASIL OLAHANNYA",composite,68,59.0,138,27.0,3.3,0.0,0.0,0.7,50.0,100.0,2.0,,,,,45.0,,,0.1,,,0.0,90.0
GP036,"Dried bigeye scad, raw",DABM-60/64,"4.7. IKAN, KERANG, UDANG DAN HASIL OLAHANNYA",composite,68,43.0,194,38.0,3.5,0.0,0.0,15.5,20.0,200.0,1.0,,,,,0.0,0.0,,0.01,,,0.0,
GP037,"Dried three-spot gourami, raw",DABM-60/64,"4.7. IKAN, KERANG, UDANG DAN HASIL OLAHANNYA",composite,68,30.0,289,38.0,14.0,0.0,0.0,18.0,40.0,100.0,0.7,,,,,0.0,0.0,,0.0,,,0.0,
GP038,"Salted grouper fish, raw",KZGMI-2001 PANGAN,"4.7. IKAN, KERANG, UDANG DAN HASIL OLAHANNYA",composite,68,34.7,199,34.1,3.8,7.1,,20.3,94.0,92.0,2.2,377.0,57.0,0.1,3.2,2481.0,,,1.5,0.13,7.2,,
GP040,"Dried rice-sized anchovy, raw",DABM-60/64,"4.7. IKAN, KERANG, UDANG DAN HASIL OLAHANNYA",composite,69,34.5,144,32.5,0.6,0.0,0.0,32.4,1000.0,1000.0,3.0,312.0,,,,61.0,,,0.1,,,0.0,
GP041,"Anchovy powder, raw",DABM-60/64,"4.7. IKAN, KERANG, UDANG DAN HASIL OLAHANNYA",composite,69,15.0,277,60.0,2.3,1.8,0.0,20.9,1209.0,1225.0,3.0,,,,,90.0,,,0.1,,,0.0,
GP042,"Dried anchovy, raw",DABM-60/64,"4.7. IKAN, KERANG, UDANG DAN HASIL OLAHANNYA",composite,69,37.8,170,33.4,3.0,0.0,0.0,25.8,1200.0,1500.0,3.6,,,,,64.0,,,0.15,,,0.0,
GP043,"Dried unsalted anchovy, raw",DABM-60/64,"4.7. IKAN, KERANG, UDANG DAN HASIL OLAHANNYA",composite,69,16.7,331,68.7,4.2,0.0,0.0,10.4,2381.0,1500.0,23.4,,,,,61.0,,,0.1,,,0.0,
GP044,"Anchovy flour, raw",KZGPI-1990,"4.7. IKAN, KERANG, UDANG DAN HASIL OLAHANNYA",composite,69,5.2,347,48.8,6.4,19.6,0.0,20.0,4608.0,1200.0,18.6,,,,,61.0,0.0,130.0,1.12,,,0.0,
GP045,"Smoked shellfish, raw",KZGMI-2001,"4.7. IKAN, KERANG, UDANG DAN HASIL OLAHANNYA",composite,69,9.3,393,38.9,13.3,29.4,,9.1,420.0,410.0,8.5,160.0,50.0,0.6,3.7,,,,0.3,1.7,0.2,,100.0
GP046,"Shellfish jerky, raw",KZGPI-1990,"4.7. IKAN, KERANG, UDANG DAN HASIL OLAHANNYA",composite,69,18.3,357,41.1,10.0,25.6,0.0,5.0,217.0,904.0,5.2,,,,,0.0,,329.0,0.27,,,0.0,100.0
GP047,"Dried small shrimp (rebon), raw",DABM-60/64,"4.7. IKAN, KERANG, UDANG DAN HASIL OLAHANNYA",composite,69,21.6,299,59.4,3.6,3.2,0.0,12.2,2306.0,625.0,21.4,,,,,0.0,0.0,,0.06,,,0.0,
GP048,"Sea bamboo shoot, raw",KZGMI-2001,"4.7. IKAN, KERANG, UDANG DAN HASIL OLAHANNYA",composite,69,18.2,320,7.2,4.2,63.3,,7.1,240.0,570.0,6.6,20.0,1040.0,1.5,6.2,917.0,,,0.0,0.0,4.9,,
GP049,Canned sardines,DABM-60/64,"4.7. IKAN, KERANG, UDANG DAN HASIL OLAHANNYA",composite,69,47.1,338,21.1,27.0,1.0,0.0,3.8,354.0,434.0,3.5,,,,,76.0,0.0,,0.1,,,0.0,
GP050,"Sea cucumber jerky, raw",KZGPI-1990,"4.7. IKAN, KERANG, UDANG DAN HASIL OLAHANNYA",composite,69,12.5,462,39.1,32.4,3.5,0.0,12.5,499.0,616.0,96.4,315.0,402.5,,,2.0,0.0,144.0,1.37,0.0,5.3,0.0,100.0
GP051,"Dried shrimp, raw",KZGMI-2001,"4.7. IKAN, KERANG, UDANG DAN HASIL OLAHANNYA",composite,69,14.9,278,62.6,4.1,2.2,,16.2,760.0,510.0,5.2,540.0,360.0,2.4,3.2,39.0,,,,,0.1,,
GP052,"Papay shrimp, raw",KZGMI-2001,"4.7. IKAN, KERANG, UDANG DAN HASIL OLAHANNYA",composite,69,24.5,273,47.8,3.8,12.5,,11.5,1109.0,789.0,2.4,651.0,802.0,2.6,10.8,,,,,,,,
GP053,Haruwan catfish shredded floss (abon haruwan),KZGMI-2001,"4.7. IKAN, KERANG, UDANG DAN HASIL OLAHANNYA",composite,69,11.6,513,23.7,37.0,21.3,,6.4,25.0,25.0,0.5,61.0,15.0,0.0,0.2,,,,,,,,100.0
GP055,Fermented climbing perch dish (betok wadi),KZGMI-2001,"4.7. IKAN, KERANG, UDANG DAN HASIL OLAHANNYA",composite,69,69.2,145,16.3,7.0,4.1,,3.4,405.0,523.0,1.8,69.0,203.0,1.0,1.3,,,,0.22,,,,
GP056,Bou ninahu ndamate fish dish,KZGMI-2001,"4.7. IKAN, KERANG, UDANG DAN HASIL OLAHANNYA",composite,69,79.5,79,16.3,1.0,1.1,,2.1,,,,67.0,,,,691.0,,,0.1,0.0,0.1,,
GP058,Smoked skipjack tuna (cakalang asar),KZGMI-2001,"4.7. IKAN, KERANG, UDANG DAN HASIL OLAHANNYA",composite,70,64.3,155,20.1,3.8,10.2,,1.6,20.0,240.0,2.1,90.0,390.0,0.3,0.1,86.0,,,,0.7,0.2,,
GP059,Fried eel jerky dish (dendeng belut),KZGPI-1990,"4.7. IKAN, KERANG, UDANG DAN HASIL OLAHANNYA",composite,70,8.2,382,55.7,14.1,8.0,0.0,14.0,1069.0,654.0,15.4,,,,,28.0,,1.48,0.48,,,0.0,
GP060,Fried tilapia jerky dish (dendeng mujahir),KZGPI-1990,"4.7. IKAN, KERANG, UDANG DAN HASIL OLAHANNYA",composite,70,6.5,598,74.3,26.9,9.2,0.0,13.1,1957.0,1447.0,7.4,,,,,18.0,,25.0,0.19,,,0.0,
GP061,Fish fillet sandwich (fillet-o-fish),KZGMS-1993,"4.7. IKAN, KERANG, UDANG DAN HASIL OLAHANNYA",composite,70,51.0,270,12.3,15.9,19.3,0.2,1.5,239.0,272.0,1.8,439.0,,,,34.0,,580.0,0.59,,,0.0,
GP062,Gete fish in sour broth dish,KZGMI-2001,"4.7. IKAN, KERANG, UDANG DAN HASIL OLAHANNYA",composite,70,80.1,75,8.2,2.0,6.0,,3.8,1620.0,880.0,0.8,260.0,150.0,0.1,1.5,,,,,,0.1,,
GP063,Acehnese sour spicy fish curry (gulai asam keueung),KZGMI-2001,"4.7. IKAN, KERANG, UDANG DAN HASIL OLAHANNYA",composite,70,86.0,52,10.0,0.5,1.8,,1.7,62.0,102.0,0.3,332.0,141.0,0.0,1.0,,,,0.18,0.34,,,
GP065,Fish curry dish,KZGMS-1993,"4.7. IKAN, KERANG, UDANG DAN HASIL OLAHANNYA",composite,70,75.7,106,16.5,3.3,2.5,,2.0,306.0,196.0,4.8,743.0,,,,86.0,,2760.0,0.32,,,0.0,
GP064,Swamp fish curry dish,KZGMI-2001,"4.7. IKAN, KERANG, UDANG DAN HASIL OLAHANNYA",composite,70,72.1,148,10.0,9.8,5.0,,3.1,103.0,82.0,0.7,525.0,256.0,0.1,0.9,,,,0.26,0.02,,,
GP066,Keumamah dried fish curry,KGZMI-2001,"4.7. IKAN, KERANG, UDANG DAN HASIL OLAHANNYA",composite,70,81.4,110,5.9,8.2,3.2,,1.3,32.0,96.0,1.0,335.0,121.0,0.2,0.9,,,,0.33,0.04,,,100.0
GP067,Oyster curry dish,KZGMI-2001,"4.7. IKAN, KERANG, UDANG DAN HASIL OLAHANNYA",composite,70,73.1,132,9.0,7.2,7.8,,2.9,53.0,134.0,3.7,285.0,133.0,1.1,0.7,389.0,,,0.29,0.12,,,
GP068,Sweet and sour gourami dish,KZGPI-1990,"4.7. IKAN, KERANG, UDANG DAN HASIL OLAHANNYA",composite,70,63.1,192,12.7,10.1,12.7,0.0,2.4,283.0,169.0,1.1,,,,,19.0,,1440.0,0.1,,,0.0,
GP069,Red smoked fish dish,KZGMI-2001,"4.7. IKAN, KERANG, UDANG DAN HASIL OLAHANNYA",composite,70,69.2,146,17.7,5.9,5.6,,1.6,100.0,240.0,4.0,170.0,310.0,0.3,1.4,224.0,0.0,,,,,,
GP070,Fried jambal salted catfish dish,KZGMS-1993,"4.7. IKAN, KERANG, UDANG DAN HASIL OLAHANNYA",composite,70,13.4,286,48.5,9.2,2.3,,26.6,207.0,457.0,3.3,,,,,109.0,,160.0,0.4,,3.1,0.0,
GP071,Jukku pallu kaloa fish dish,KZGMI-2001,"4.7. IKAN, KERANG, UDANG DAN HASIL OLAHANNYA",composite,70,69.4,15,15.2,4.3,8.8,,2.3,40.0,170.0,1.1,605.0,153.0,0.6,1.1,,,,0.3,0.14,7.5,,
GP072,Kaholeo fish dish,KZGMI-2001,"4.7. IKAN, KERANG, UDANG DAN HASIL OLAHANNYA",composite,70,11.2,413,28.7,19.8,29.8,,10.5,909.0,1291.0,0.0,0.0,1171.0,0.1,3.1,4236.0,,,1.34,0.03,5.7,,
GP073,Penjah fish sauce dish (lawara penjah),KZGMI-2001,"4.7. IKAN, KERANG, UDANG DAN HASIL OLAHANNYA",composite,70,64.5,207,7.4,15.4,9.6,,2.9,114.0,219.0,5.9,683.0,117.0,0.5,0.7,0.0,38.0,,0.19,0.04,,14.0,100.0
GP074,Model fish cake soup dish,KZGMI-2001 PANGAN,"4.7. IKAN, KERANG, UDANG DAN HASIL OLAHANNYA",composite,70,83.9,79,2.2,4.0,8.6,,1.3,8.0,33.0,0.8,147.0,34.0,0.1,0.5,,,,0.16,0.02,,,
GP076,Parede baleh fish dish,KZGMI-2001,"4.7. IKAN, KERANG, UDANG DAN HASIL OLAHANNYA",composite,71,80.0,87,10.5,2.5,5.5,,1.5,35.0,215.0,0.9,416.0,59.0,0.1,0.2,,,,0.24,0.0,0.7,,
GP077,Adaan fish cake (pempek adaan) dish,KZGMI-2001,"4.7. IKAN, KERANG, UDANG DAN HASIL OLAHANNYA",composite,71,62.6,162,4.9,3.0,27.8,,1.7,26.0,116.0,1.0,488.0,119.0,0.1,0.2,,,,0.3,0.03,1.0,,
GP078,Belida fish cake (pempek belida) dish,KZGPI-1990,"4.7. IKAN, KERANG, UDANG DAN HASIL OLAHANNYA",composite,71,61.4,156,4.2,1.4,31.6,0.2,1.4,100.0,55.0,3.3,,,,,0.0,,0.0,0.03,,,0.0,
GP079,Submarine egg fish cake (pempek kapal selam) dish,KZGMI-2001,"4.7. IKAN, KERANG, UDANG DAN HASIL OLAHANNYA",composite,71,63.4,152,4.5,2.3,28.2,,1.6,19.0,115.0,1.6,628.0,91.0,0.1,0.2,,,,0.2,0.03,1.0,,
GP080,Kelesan fish cake (pempek kelesan) dish,KZGPI-1990,"4.7. IKAN, KERANG, UDANG DAN HASIL OLAHANNYA",composite,71,53.0,211,12.3,6.1,26.6,0.4,2.0,840.0,176.0,1.8,,,,,14.0,,888.0,0.25,,,0.0,
GP081,Fish skin cake (pempek kulit) dish,KZGMI-2001,"4.7. IKAN, KERANG, UDANG DAN HASIL OLAHANNYA",composite,71,45.7,243,5.2,7.3,39.1,,2.7,16.0,96.0,2.0,555.0,102.0,0.1,0.6,,,,0.2,0.02,0.9,,
GP082,Egg fish cake (pempek telur) dish,KZGMI-2001,"4.7. IKAN, KERANG, UDANG DAN HASIL OLAHANNYA",composite,71,62.4,156,4.7,2.7,28.3,,1.9,13.0,83.0,1.3,448.0,48.0,0.1,0.6,,,,0.2,0.05,1.1,,
GP083,Mackerel fish cake (pempek tenggiri) dish,KZGPI-1990,"4.7. IKAN, KERANG, UDANG DAN HASIL OLAHANNYA",composite,71,56.3,173,7.2,1.2,33.4,0.2,1.9,164.0,80.0,3.1,,,,,0.0,,0.0,0.02,,,0.0,
GP084,Catfish pencok salad dish,KZGPI-1990,"4.7. IKAN, KERANG, UDANG DAN HASIL OLAHANNYA",composite,71,47.5,372,7.8,36.3,3.5,0.0,4.9,289.0,295.0,5.3,,,,,64.0,0.0,12070.0,0.12,,,0.0,
GP085,Pinda smoked fish,KZGMI-2001,"4.7. IKAN, KERANG, UDANG DAN HASIL OLAHANNYA",composite,71,71.0,107,15.9,0.6,0.4,,3.1,375.0,336.0,1.9,526.0,330.0,0.2,1.0,896.0,,,0.89,0.05,0.5,,
GP086,Kenari pindang fish dish,KZGMI-2001,"4.7. IKAN, KERANG, UDANG DAN HASIL OLAHANNYA",composite,71,80.1,124,9.5,9.6,0.0,,2.8,120.0,220.0,1.3,370.0,270.0,0.3,1.2,18.0,381.0,,,,0.1,,
GP087,Octopus saboko dish,KZGMI-2001,"4.7. IKAN, KERANG, UDANG DAN HASIL OLAHANNYA",composite,71,76.2,87,15.7,1.5,2.6,,4.1,60.0,14.0,2.1,200.0,180.0,0.9,4.0,38.0,,,,,,,
GP088,Saltan saboko dish,KZGMI-2001,"4.7. IKAN, KERANG, UDANG DAN HASIL OLAHANNYA",composite,71,76.0,113,17.1,3.6,3.0,,0.3,240.0,60.0,0.5,40.0,350.0,0.2,0.6,27.0,,,,,0.1,,
GP089,Sardine saboko dish,KZGMI-2001,"4.7. IKAN, KERANG, UDANG DAN HASIL OLAHANNYA",composite,71,70.0,110,12.9,4.3,4.9,,7.9,220.0,520.0,6.0,200.0,280.0,0.2,3.9,37.0,,,,,,,
GP090,Milkfish satay (sate bandeng),BKP,"4.7. IKAN, KERANG, UDANG DAN HASIL OLAHANNYA",composite,71,47.1,283,12.1,16.8,20.9,2.0,3.1,118.0,186.0,1.2,543.0,199.0,0.2,0.9,,2.0,0.0,0.02,0.02,0.0,0.0,82.4
GP091,Sepi fermented crab paste dish,KZGMI-2001,"4.7. IKAN, KERANG, UDANG DAN HASIL OLAHANNYA",composite,71,66.1,88,7.9,1.6,10.6,,13.8,924.0,350.0,2.3,873.0,258.0,1.0,1.1,783.0,,,,,,,
GP092,Tekwan fish ball soup dish,KZGMI-2001,"4.7. IKAN, KERANG, UDANG DAN HASIL OLAHANNYA",composite,71,86.7,53,1.9,0.9,9.4,,1.1,9.0,41.0,1.0,174.0,42.0,0.0,0.0,99.0,,,0.1,0.02,0.4,,
GP093,Chili stir-fried anchovy dish (teri belado),KZGPI-1990,"4.7. IKAN, KERANG, UDANG DAN HASIL OLAHANNYA",composite,71,25.8,365,23.7,22.3,17.5,0.0,10.9,869.0,348.0,4.0,,,,,27.0,,1567.0,0.13,,,0.0,
GP095,Stir-fried keumamah dried fish,KGZMI-2001 PANGAN,"4.7. IKAN, KERANG, UDANG DAN HASIL OLAHANNYA",composite,72,45.7,300,14.5,20.0,15.5,4.5,4.3,,,,,,,,,8.0,,0.63,0.04,,7.0,100.0
HR001,"Free-range chicken egg, fresh",KZGMI-2001,4.8. TELUR DAN HASIL OLAHANNYA,single,73,73.1,174,10.8,14.0,1.2,0.0,0.9,68.0,268.0,4.9,190.0,141.0,0.6,1.5,203.0,23.0,125.0,0.78,0.62,0.2,,87.0
HR002,"Commercial chicken egg, fresh",KZGPI-1990,4.8. TELUR DAN HASIL OLAHANNYA,single,73,74.3,154,12.4,10.8,0.7,0.0,0.8,86.0,258.0,3.0,142.0,118.5,0.16,1.0,61.0,22.0,104.0,0.12,0.38,0.2,0.0,89.0
HR003,"Commercial chicken egg yolk, fresh",DABM-1964,4.8. TELUR DAN HASIL OLAHANNYA,single,73,49.4,355,16.3,31.9,0.7,0.0,1.7,147.0,586.0,7.2,111.0,107.5,0.2,2.5,606.0,63.0,,0.27,0.51,0.2,0.0,100.0
HR004,"Commercial chicken egg white, fresh",DABM-1964,4.8. TELUR DAN HASIL OLAHANNYA,single,73,87.8,50,10.8,0.0,0.8,0.0,0.6,6.0,17.0,0.2,164.0,138.5,0.03,0.4,0.0,0.0,,0.0,0.26,0.4,0.0,100.0
HR005,"Alabio duck egg, fresh",KZGMI-2001,4.8. TELUR DAN HASIL OLAHANNYA,single,73,70.0,187,11.8,14.2,3.0,0.0,1.0,60.0,268.0,6.0,115.0,80.0,0.6,1.7,180.0,437.0,,1.55,0.37,0.1,,90.0
HR006,"Duck egg yolk, fresh",DABM-1964,4.8. TELUR DAN HASIL OLAHANNYA,single,73,47.0,386,17.0,35.0,0.8,0.0,0.2,150.0,400.0,7.0,106.0,90.7,0.09,2.5,870.0,747.0,,0.6,0.68,1.4,0.0,100.0
HR007,"Duck egg white, fresh",DABM-1964,4.8. TELUR DAN HASIL OLAHANNYA,single,73,88.0,54,11.0,0.0,0.8,0.0,0.2,21.0,20.0,0.1,184.0,150.2,0.13,0.1,0.0,0.0,,0.01,0.02,0.1,0.0,100.0
HR008,"Pond duck egg, fresh",KZGMI-2001,4.8. TELUR DAN HASIL OLAHANNYA,single,73,67.7,187,10.9,12.4,7.9,0.0,1.1,64.0,295.0,5.4,209.0,146.0,0.4,1.8,378.0,471.0,375.0,1.62,0.03,0.1,,90.0
HR009,"Maleo bird egg, fresh",KZGMI-2001,4.8. TELUR DAN HASIL OLAHANNYA,single,73,36.0,436,26.5,36.3,0.4,,0.8,154.0,120.0,4.3,77.0,333.0,0.4,2.9,3987.0,,,,1.0,0.2,,
HR010,"Sea turtle egg, fresh",KZGMI-2001,4.8. TELUR DAN HASIL OLAHANNYA,single,73,77.4,136,8.6,10.1,2.7,0.0,1.2,66.0,282.0,3.4,478.0,115.0,0.5,1.4,82.0,17.0,,0.21,0.02,0.0,0.0,90.0
HR011,"Quail egg, fresh",FCTEA-1972,4.8. TELUR DAN HASIL OLAHANNYA,single,73,79.8,116,10.7,7.0,1.6,0.0,0.9,65.0,191.0,3.5,111.0,11.0,0.05,1.2,95.0,80.0,,0.13,0.65,0.1,0.0,100.0
HP001,Egg omelet dish (dadar telur),KZGPI-1990,4.8. TELUR DAN HASIL OLAHANNYA,single,73,61.9,251,16.3,19.4,1.4,0.0,1.0,62.0,250.0,2.5,,,,,36.0,,221.0,0.21,0.0,,0.0,100.0
HP002,"Salted duck egg, raw",DABM-60/64,4.8. TELUR DAN HASIL OLAHANNYA,single,73,66.5,179,13.6,13.3,4.4,0.0,2.2,120.0,157.0,1.8,483.0,140.1,,,253.0,13.0,,0.28,0.98,0.6,0.0,83.0
HP003,Duck egg omelet dish,KZGPI-1990,4.8. TELUR DAN HASIL OLAHANNYA,single,73,55.1,301,20.0,23.7,0.0,0.0,1.2,71.0,600.0,9.2,,,,,122.0,,613.0,0.35,,,0.0,100.0
HP004,"Fish roe, salted, raw",KZGMI-2001,4.8. TELUR DAN HASIL OLAHANNYA,single,73,37.8,358,20.7,26.4,9.4,0.0,5.7,48.0,311.0,15.1,2684.0,59.0,0.4,3.0,1866.0,0.0,,0.21,0.54,2.1,,100.0
HP005,Bayau mi balu egg dish,KGZMI-2001,4.8. TELUR DAN HASIL OLAHANNYA,single,73,36.1,313,6.0,12.2,44.8,,0.9,,,,,,,,783.0,89.0,,0.14,0.27,9.7,,100.0
HP007,Egg kalio (dry coconut milk curry) dish,KZGMS-1993 PANGAN,4.8. TELUR DAN HASIL OLAHANNYA,single,74,65.9,193,10.6,12.4,9.7,,1.4,148.0,246.0,3.8,540.0,,,,160.0,,3600.0,0.44,,,0.0,100.0
JR001,"Cream (milk top), fresh",DABM-1964,4.9. SUSU DAN HASIL OLAHANNYA,single,75,72.5,204,2.6,20.0,4.0,0.0,0.9,97.0,77.0,0.1,,,,,252.0,191.0,,0.03,0.2,0.1,1.0,100.0
JR002,Breast milk (human milk),FCTEA-1972,4.9. SUSU DAN HASIL OLAHANNYA,single,75,88.1,62,1.5,3.2,7.0,0.0,0.2,34.0,20.0,0.2,15.0,41.0,0.01,0.4,,7.0,,0.01,0.03,0.2,,100.0
JR003,"Goat milk, fresh",DABM-1964,4.9. SUSU DAN HASIL OLAHANNYA,single,75,85.9,64,4.3,2.3,6.6,0.0,0.9,98.0,78.0,2.7,35.0,160.0,0.33,0.1,38.0,0.0,,0.06,0.45,0.3,1.0,100.0
JR004,"Buffalo milk, fresh",DABM-1964,4.9. SUSU DAN HASIL OLAHANNYA,single,75,73.8,160,6.3,12.0,7.1,,0.8,216.0,101.0,0.2,82.0,,,0.3,24.0,,,0.04,0.07,,1.0,100.0
JR005,"Horse milk, fresh",FCTEA-1972,4.9. SUSU DAN HASIL OLAHANNYA,single,75,91.0,40,2.0,1.1,5.4,0.0,0.4,,,,,37.4,0.0,0.0,,1.0,,0.0,0.2,0.2,,100.0
JR006,"Cow milk, fresh",DABM-1964,4.9. SUSU DAN HASIL OLAHANNYA,single,75,88.3,61,3.2,3.5,4.3,0.0,0.7,143.0,60.0,1.7,36.0,149.0,0.02,0.3,39.0,12.0,,0.03,0.18,0.2,1.0,100.0
JP001,Ice cream,DABM-1964,4.9. SUSU DAN HASIL OLAHANNYA,single,75,62.1,210,4.0,12.5,20.6,0.0,0.8,123.0,99.0,0.1,78.0,193.4,0.0,0.7,158.0,0.0,,0.04,0.23,0.1,1.0,100.0
JP002,Hangop (buttermilk-based fermented product),DABM-1964,4.9. SUSU DAN HASIL OLAHANNYA,single,75,84.0,65,10.0,1.0,3.5,0.0,1.5,180.0,190.0,0.2,126.0,374.4,0.0,,,22.0,,0.03,0.43,0.2,,100.0
JP003,Cheese,DABM-1964,4.9. SUSU DAN HASIL OLAHANNYA,single,75,38.5,326,22.8,20.3,13.1,0.0,5.3,777.0,338.0,1.5,1410.0,82.7,0.03,3.1,227.0,128.0,,0.01,0.37,0.1,1.0,100.0
JP004,Quark (fresh cheese),DABM-1964,4.9. SUSU DAN HASIL OLAHANNYA,single,75,59.0,242,19.0,17.0,3.0,0.0,2.0,300.0,350.0,0.5,37.0,72.7,0.01,0.2,173.0,0.0,,0.03,0.38,0.0,,100.0
JP005,"Acidified infant formula, powder",DABM-1964,4.9. SUSU DAN HASIL OLAHANNYA,single,75,2.5,418,19.0,9.0,65.5,0.0,4.0,800.0,600.0,7.0,188.0,486.5,0.0,0.0,303.0,83.0,,1.0,1.31,0.7,30.0,100.0
JP006,Powdered milk,DABM-1964,4.9. SUSU DAN HASIL OLAHANNYA,single,75,3.5,513,24.6,30.0,36.2,0.0,5.7,904.0,694.0,0.6,380.0,1330.0,0.02,4.1,476.0,118.0,,0.29,1.39,1.6,6.0,100.0
JP007,Sweetened condensed milk,DABM-1964,4.9. SUSU DAN HASIL OLAHANNYA,single,75,25.0,343,8.2,10.0,55.0,0.0,1.8,275.0,209.0,0.2,150.0,320.0,0.02,1.0,155.0,46.0,,0.05,0.43,0.4,1.0,100.0
JP008,Unsweetened condensed milk,DABM-1964,4.9. SUSU DAN HASIL OLAHANNYA,single,75,73.7,138,7.0,7.9,9.9,,1.5,243.0,195.0,0.2,140.0,303.0,,,121.0,,,0.05,,0.0,1.0,100.0
JP009,Skim milk powder,DABM-1964,4.9. SUSU DAN HASIL OLAHANNYA,single,75,3.5,359,35.6,1.0,52.0,0.0,7.9,1300.0,1030.0,0.6,470.0,1745.0,0.04,4.1,,10.0,,0.35,1.05,1.2,7.0,100.0
JP010,"Skim milk, fresh",DABM-1964,4.9. SUSU DAN HASIL OLAHANNYA,single,75,90.5,36,3.5,0.1,5.1,,0.8,123.0,97.0,0.1,38.0,,,,0.0,,,0.04,,,1.0,100.0
JP011,"Yogurt, fresh",DABM-1964,4.9. SUSU DAN HASIL OLAHANNYA,single,75,88.0,52,3.3,2.5,4.0,0.0,2.2,120.0,90.0,0.1,40.0,299.0,0.01,0.6,22.0,10.0,,0.04,0.1,0.2,0.0,100.0
KR001,"Half-mature coconut flesh, fresh",DABM-1964,4.10. LEMAK DAN MINYAK,single,77,70.0,180,4.0,15.0,10.0,2.4,1.0,8.0,55.0,1.3,4.0,317.7,0.29,2.9,,0.0,10.0,0.05,0.01,0.11,4.0,53.0
KR002,"Mature coconut flesh, fresh",DABM-1964,4.10. LEMAK DAN MINYAK,single,77,46.9,359,3.4,34.7,14.0,4.7,1.0,21.0,98.0,2.0,3.0,293.9,0.44,1.1,0.0,0.0,,0.1,0.0,0.0,2.0,53.0
KR003,Pork fat (lard),DABM-1964,4.10. LEMAK DAN MINYAK,single,77,0.0,902,0.0,100.0,0.0,0.0,0.0,0.0,0.0,0.0,0.0,0.0,9.0,0.1,0.0,0.0,,0.0,0.0,0.0,0.0,100.0
KR004,Pork fat (bacon),DABM-1964,4.10. LEMAK DAN MINYAK,single,77,20.0,626,9.1,65.0,1.1,0.0,4.8,13.0,108.0,0.8,0.0,0.0,0.0,0.9,0.0,0.0,,0.38,0.0,0.0,0.0,100.0
KR005,Fish fat,KZGMI-2001,4.10. LEMAK DAN MINYAK,single,77,43.3,372,12.0,29.4,14.4,0.0,0.3,20.0,230.0,32.7,60.0,52.0,0.4,1.1,,,,0.49,0.13,,,100.0
KR006,Buffalo fat (beef fat),DABM-1964,4.10. LEMAK DAN MINYAK,single,77,5.0,818,1.5,90.0,0.0,0.0,3.5,0.0,0.0,0.0,29.0,25.8,0.0,0.0,0.0,283.0,,0.0,0.0,0.7,0.0,100.0
KR007,Shark liver oil,DABM-1964,4.10. LEMAK DAN MINYAK,single,77,0.0,902,0.0,100.0,0.0,0.0,0.0,0.0,0.0,0.0,0.0,0.0,0.0,0.0,21212.0,0.0,,0.0,0.0,0.0,0.0,100.0
KR008,Fish oil,DABM-1964,4.10. LEMAK DAN MINYAK,single,77,0.0,902,0.0,100.0,0.0,0.0,0.0,0.0,0.0,0.0,0.0,0.0,0.0,0.0,24242.0,0.0,,0.0,0.0,0.0,0.0,100.0
KR009,Peanut oil,DABM-1964,4.10. LEMAK DAN MINYAK,single,77,0.0,902,0.0,100.0,0.0,0.0,0.0,0.0,0.0,0.0,0.0,0.0,0.0,0.0,0.0,0.0,,0.0,0.0,0.0,0.0,100.0
KR010,Soybean oil,FCTEA-1972,4.10. LEMAK DAN MINYAK,single,77,0.1,883,0.0,99.9,0.0,0.0,0.0,0.0,0.0,0.0,0.0,0.1,0.0,0.0,0.0,0.0,,0.0,0.0,0.0,0.0,100.0
KR011,Coconut oil,DABM-1964,4.10. LEMAK DAN MINYAK,single,77,0.0,870,1.0,98.0,0.0,0.0,1.0,0.0,0.0,0.0,0.0,0.0,0.0,0.0,0.0,0.0,,0.0,0.0,0.0,0.0,100.0
KR012,Palm oil,DABM-1964,4.10. LEMAK DAN MINYAK,single,77,0.0,884,0.0,100.0,0.0,0.0,0.0,0.0,0.0,0.0,0.0,0.0,0.0,0.0,,18181.0,,0.0,0.0,0.0,0.0,100.0
KR013,Sesame oil,FCTEA-1972,4.10. LEMAK DAN MINYAK,single,77,0.1,881,0.2,99.7,0.0,0.0,0.0,10.0,5.0,0.1,2.0,20.0,0.0,0.0,0.0,0.0,,0.01,0.07,0.1,0.0,100.0
KR014,Olive oil,DABM-1964,4.10. LEMAK DAN MINYAK,single,77,0.0,884,0.0,100.0,0.0,0.0,0.0,14.0,0.0,1.2,7.0,0.0,0.0,0.0,,0.0,,0.0,0.0,5.0,,100.0
KP001,Margarine,DABM-1964,4.10. LEMAK DAN MINYAK,single,77,15.5,720,0.6,81.0,0.4,0.0,2.5,20.0,16.0,0.0,760.0,25.9,0.0,0.0,606.0,633.0,,0.0,0.0,0.0,0.0,100.0
KP002,Butter,DABM-1964,4.10. LEMAK DAN MINYAK,single,77,16.0,742,0.5,81.6,1.4,0.0,1.9,15.0,16.0,1.1,653.0,103.0,0.0,0.4,1000.0,155.0,,0.0,0.1,0.0,,100.0
KP003,Coconut milk (with water),DABM-1964,4.10. LEMAK DAN MINYAK,single,77,80.0,122,2.0,10.0,7.6,1.4,0.4,25.0,30.0,0.1,9.0,162.4,0.16,0.4,0.0,,,0.02,0.0,0.5,2.0,100.0
KP004,Pure coconut milk (coconut cream),DABM-1964,4.10. LEMAK DAN MINYAK,single,77,54.9,324,4.2,34.3,5.6,0.0,1.0,14.0,45.0,1.9,18.0,514.1,0.37,0.9,0.0,0.0,,0.02,0.0,0.5,2.0,100.0
MP001,Sweet chocolate bar,DABM-1964,"4.11. GULA, SIRUP DAN KONFEKSIONERI",,79,1.4,527,2.0,29.8,62.7,6.5,4.1,63.0,287.0,2.8,6.0,499.5,0.0,0.0,,,30.0,0.03,0.02,0.0,0.0,100.0
MP002,Dark (bitter) chocolate bar,DABM-1964,"4.11. GULA, SIRUP DAN KONFEKSIONERI",,79,2.3,615,5.5,52.9,29.2,10.8,10.1,98.0,446.0,4.4,20.0,708.3,1.7,3.3,,2.0,60.0,0.05,0.08,1.0,0.0,100.0
MP003,Milk chocolate bar,DABM-1964,"4.11. GULA, SIRUP DAN KONFEKSIONERI",,79,1.0,565,9.0,35.0,53.6,3.4,1.4,200.0,200.0,2.0,100.0,405.5,0.49,2.3,,54.0,30.0,0.08,0.45,0.5,0.0,100.0
MP004,Cocoa powder,DABM-1964,"4.11. GULA, SIRUP DAN KONFEKSIONERI",,79,3.9,311,8.0,23.8,48.9,32.6,15.4,125.0,715.0,11.6,,,,,,,30.0,0.12,,0.6,,
MP005,Palm sugar (aren),DABM-1964,"4.11. GULA, SIRUP DAN KONFEKSIONERI",,79,7.0,368,0.0,0.0,92.0,0.0,1.0,75.0,35.0,3.0,15.0,390.4,0.04,26.4,0.0,0.0,,0.0,0.01,0.5,0.0,100.0
MP006,Coconut sugar,DABM-1964,"4.11. GULA, SIRUP DAN KONFEKSIONERI",,79,10.0,386,3.0,10.0,76.0,0.0,1.0,76.0,37.0,2.6,2.0,0.0,0.0,0.0,0.0,0.0,,0.0,0.34,0.5,0.0,100.0
MP007,White sugar (granulated),DABM-1964,"4.11. GULA, SIRUP DAN KONFEKSIONERI",,79,5.4,394,0.0,0.0,94.0,0.0,0.6,5.0,1.0,0.1,1.0,4.75,0.0,0.0,0.0,0.0,,0.0,0.0,0.0,0.0,100.0
MP008,Jam,DABM-1964,"4.11. GULA, SIRUP DAN KONFEKSIONERI",,79,34.0,239,0.5,0.6,64.5,1.0,0.4,20.0,20.0,1.0,30.0,73.1,0.09,0.0,0.0,0.0,,0.01,0.07,0.0,0.0,100.0
MP009,Instant coffee powder,FCTEA-1972,"4.11. GULA, SIRUP DAN KONFEKSIONERI",,79,2.6,129,12.3,0.5,35.0,0.0,9.7,179.0,383.0,5.6,72.0,3256.0,0.14,0.0,,0.0,0.0,0.0,0.21,30.6,0.0,100.0
MP010,Honey,DABM-1964,"4.11. GULA, SIRUP DAN KONFEKSIONERI",,79,20.0,294,0.3,0.0,79.5,0.2,0.2,5.0,16.0,0.9,6.0,26.9,0.04,0.2,0.0,0.0,,0.0,0.04,0.1,4.0,100.0
MP011,Passion fruit squash,KZGMI-2001,"4.11. GULA, SIRUP DAN KONFEKSIONERI",,79,46.7,217,2.5,1.0,49.6,,0.2,6.0,83.0,0.6,14.0,65.0,0.0,0.1,,23.0,75.0,0.07,0.02,0.0,14.0,
MP012,Passion fruit squash BD,KZGMI-2001,"4.11. GULA, SIRUP DAN KONFEKSIONERI",,79,74.4,104,1.2,0.5,23.7,,0.2,1.0,88.0,0.5,40.0,40.0,0.0,0.1,,7.0,40.0,0.2,0.02,0.0,12.0,
MP013,Molasses,DABM-1964,"4.11. GULA, SIRUP DAN KONFEKSIONERI",,79,21.2,276,,0.1,71.0,0.0,7.7,6.0,83.0,0.6,14.0,,0.0,0.3,0.0,0.0,,0.04,,,0.0,100.0
MP014,Syrup,DABM-1964,"4.11. GULA, SIRUP DAN KONFEKSIONERI",,79,44.0,213,0.0,0.0,55.0,0.0,1.0,0.0,0.0,0.0,3.0,4.2,,,,0.0,,0.0,0.0,0.0,,100.0
MP015,Pirous (rose) syrup,KZGMI-2001,"4.11. GULA, SIRUP DAN KONFEKSIONERI",,79,43.3,228,0.2,0.4,55.9,0.0,0.2,470.0,93.0,29.5,3.0,4.2,,,,0.0,0.0,0.0,0.0,0.0,8.0,
MP016,Dried green tea leaves,FCTEA-1972,"4.11. GULA, SIRUP DAN KONFEKSIONERI",,79,7.7,300,28.3,4.8,53.6,9.6,5.6,245.0,415.0,18.9,60.0,5873.9,0.5,0.0,,8400.0,,0.38,1.24,4.6,230.0,100.0
MP017,Dried black tea leaves,FCTEA-1972,"4.11. GULA, SIRUP DAN KONFEKSIONERI",,79,8.0,293,24.5,2.8,58.8,8.7,5.9,327.0,313.0,24.3,50.0,5854.8,0.0,0.0,0.0,2700.0,,0.07,0.8,7.6,9.0,100.0
MP018,Dried jasmine tea leaves,FCTEA-1972,"4.11. GULA, SIRUP DAN KONFEKSIONERI",,79,8.1,299,24.1,3.5,59.0,9.7,5.3,320.0,185.0,31.6,70.0,5848.4,0.53,0.0,0.0,8400.0,,0.07,0.79,7.3,85.0,100.0
NR001,"Brown tamarind, fresh",KZGPI-1990,4.12. BUMBU,single,81,66.1,130,0.5,1.1,30.9,1.5,1.4,79.0,113.0,4.3,13.0,,,,,745.0,0.0,0.01,0.2,0.0,0.0,
NR002,"Red tamarind, fresh",KZGPI-1990,4.12. BUMBU,single,81,75.9,99,0.8,1.6,20.3,2.8,1.4,69.0,300.0,4.6,2.0,96.0,,0.1,,529.0,0.0,0.01,0.4,1.6,0.0,
NR003,"Dried kandis sour (Garcinia), dried",KZGPI-1990,4.12. BUMBU,single,81,32.2,261,0.9,1.6,63.3,5.0,2.0,192.0,657.0,4.4,26.0,341.0,0.4,0.3,,0.0,0.0,0.0,0.0,0.4,0.0,100.0
NR004,"Kandis sour (Garcinia), fresh",KZGPI-1990,4.12. BUMBU,single,81,81.5,75,0.2,1.1,16.1,3.4,1.1,63.0,139.0,2.5,93.0,93.2,0.1,0.1,,41.0,0.0,0.01,0.0,0.1,0.0,
NR005,"Tree tamarind, ripe, fresh",DABM-1964,4.12. BUMBU,single,81,31.4,267,2.8,0.6,62.5,1.2,2.7,74.0,113.0,0.6,9.0,139.5,0.09,0.1,,9.0,30.0,0.34,0.04,0.7,2.0,48.0
NR006,"Payak sour fruit, fresh",KZGPI-1990,4.12. BUMBU,single,81,65.1,135,0.8,0.4,32.1,10.0,1.6,60.0,39.0,5.7,0.0,,,,,,0.0,0.0,,,0.0,
NR007,"Shallot (red onion), fresh",DABM-1964,4.12. BUMBU,single,81,88.0,46,1.5,0.3,9.2,1.7,1.0,36.0,40.0,0.8,7.0,178.6,0.06,0.2,,2.0,,0.03,0.04,0.2,2.0,90.0
NR008,"Garlic, fresh",DABM-1964,4.12. BUMBU,single,81,71.0,112,4.5,0.2,23.1,0.6,1.8,42.0,134.0,1.0,46.0,665.7,0.09,0.4,,0.0,,0.22,0.07,0.3,15.0,88.0
NR009,"Fingerroot (kunci galangal), fresh",DABM-1964,4.12. BUMBU,single,81,90.0,40,1.0,0.8,7.2,1.0,1.0,50.0,50.0,2.0,33.0,480.0,0.02,0.3,,0.0,5000.0,0.08,0.68,1.7,50.0,80.0
NR010,"Galangal (greater galangal), fresh",DABM-1964,4.12. BUMBU,single,81,93.0,26,1.0,0.3,4.7,1.1,1.0,50.0,50.0,2.0,24.0,137.1,0.07,0.3,,5.0,5000.0,0.08,0.06,0.3,50.0,80.0
NR011,"Red gembor chili, fresh",KZGPI-1990,4.12. BUMBU,single,81,90.8,38,1.6,0.8,6.3,1.6,0.6,49.0,41.0,1.1,7.0,275.3,0.12,0.2,,5897.0,3240.0,0.21,0.12,0.0,16.0,89.0
NR012,"Green chili pepper, fresh",DABM-1964,4.12. BUMBU,single,81,93.4,26,0.7,0.3,5.2,2.6,0.4,14.0,23.0,0.4,7.0,151.0,0.08,0.2,,44.0,260.0,0.05,0.06,0.4,84.0,82.0
NR013,"Red chili pepper, dried",DABM-1964,4.12. BUMBU,single,81,10.0,367,15.9,6.2,61.8,26.9,6.1,160.0,370.0,2.3,25.0,181.5,1.2,1.8,,10955.0,576.0,0.4,1.36,4.4,50.0,85.0
NR014,"Red chili pepper, fresh",DABM-1964,4.12. BUMBU,single,81,90.9,36,1.0,0.3,7.3,1.4,0.5,29.0,24.0,0.5,23.0,272.4,0.12,0.2,,5833.0,470.0,0.05,0.09,3.0,18.0,85.0
NR015,"Bird's eye chili pepper, fresh",DABM-1964,4.12. BUMBU,single,81,71.2,120,4.7,2.4,19.9,15.2,1.8,45.0,85.0,2.5,34.0,706.2,0.29,0.6,,1694.0,11050.0,0.24,0.09,1.7,70.0,85.0
NR016,"Cloves, dried",DABM-1964,4.12. BUMBU,single,81,23.3,330,5.2,8.9,57.4,10.0,5.2,740.0,100.0,4.9,282.0,961.0,0.3,0.0,,265.0,,200.0,0.0,0.0,,100.0
NR017,Indonesian bay leaf (salam) powder,FCTEA-1972,4.12. BUMBU,single,81,13.1,301,14.2,10.9,49.0,9.4,12.8,86.0,250.0,44.1,180.0,619.0,1.31,0.7,0.0,5400.0,,0.1,0.32,5.0,0.0,100.0
NR020,"Coriander seed, dried",DABM-1964,4.12. BUMBU,composite,82,11.2,418,14.1,16.1,54.2,12.3,4.4,630.0,370.0,17.9,91.0,1787.0,0.95,4.6,,75.0,1570.0,0.2,0.35,1.8,0.0,100.0
NR021,"Kluwek (black nut, pangium seed)",DABM-1964,4.12. BUMBU,composite,82,51.0,310,10.0,24.0,13.5,,1.5,40.0,100.0,2.0,,,,,,,0.0,0.15,,,30.0,80.0
NR022,"Turmeric, fresh",DABM-1964,4.12. BUMBU,composite,82,84.9,69,2.0,2.7,9.1,0.6,1.3,24.0,78.0,3.3,6.0,406.7,0.05,0.4,,12.0,,0.03,0.02,0.4,1.0,78.0
NR023,"Black pepper, dried",DABM-1964,4.12. BUMBU,composite,82,12.9,365,11.5,6.8,64.4,1.0,4.4,460.0,200.0,16.4,4.0,99.7,0.89,1.1,,0.0,,0.2,0.1,2.5,,100.0
NR024,"Nutmeg seed, dried",DABM-1964,4.12. BUMBU,composite,82,14.3,518,7.5,36.4,40.1,3.5,1.7,120.0,240.0,4.6,2.0,78.7,0.94,2.0,,7.0,,0.2,0.02,0.5,0.0,95.0
NP001,Balichong (fermented shrimp paste),KZGMI-2001,4.12. BUMBU,composite,82,59.9,152,13.2,0.8,22.9,1.5,3.6,380.0,210.0,2.9,120.0,310.0,0.8,1.1,34.0,0.0,,0.01,0.08,0.2,,
NP002,Bekasam (fermented freshwater fish),KZGMI-2001,4.12. BUMBU,composite,82,65.5,116,11.9,4.9,6.1,3.5,11.6,704.0,757.0,7.5,711.0,176.0,0.8,1.9,,0.0,,0.0,0.03,2.1,,
NP003,Bekasang (fermented fish sauce),KZGMI-2001,4.12. BUMBU,composite,82,67.1,78,11.4,2.0,3.6,0.4,15.9,54.0,97.0,2.6,4016.0,121.0,0.2,4.8,,,,0.15,0.12,0.6,,
NP004,Vinegar,DABM-1964,4.12. BUMBU,composite,82,94.5,21,0.1,0.1,5.0,0.0,0.3,7.0,10.0,0.5,21.0,37.8,0.0,0.0,,0.0,,0.24,0.0,0.7,,100.0
NP005,Soy sauce (kecap),DABM-1964,4.12. BUMBU,composite,82,63.0,71,5.7,1.3,9.0,0.0,21.0,123.0,96.0,5.7,1114.0,,0.04,,0.0,,,0.0,,,0.0,100.0
NP006,Fish paste (petis ikan),DABM-1964,4.12. BUMBU,composite,82,56.0,165,20.0,0.2,20.8,,3.0,37.0,36.0,2.8,,,,,,,0.0,0.01,0.2,0.8,0.0,100.0
NP007,Dried shrimp paste (petis udang),KZGPI-1990,4.12. BUMBU,composite,82,8.3,345,23.8,1.4,59.3,0.0,7.1,221.0,397.0,3.8,11998.0,462.8,0.75,1.9,,0.0,232.0,1.02,0.4,2.2,0.0,100.0
NP008,"Shrimp paste, paste form (petis udang)",DABM-1964,4.12. BUMBU,composite,82,39.0,220,15.0,0.9,38.0,2.3,7.1,37.0,36.0,2.8,7981.0,307.9,0.5,1.3,,0.0,0.0,0.01,0.13,1.7,0.0,100.0
NP009,Tomato sauce (ketchup),DABM-1964,4.12. BUMBU,composite,82,69.5,110,2.0,0.4,24.5,0.9,3.6,12.0,18.0,0.8,890.0,129.6,0.18,0.3,,357.0,570.0,0.09,0.06,1.7,11.0,100.0
NP010,Tempoya (Borneo fermented durian),KZGMI-2001,4.12. BUMBU,composite,82,70.1,110,1.7,1.3,21.9,2.6,5.0,190.0,45.0,2.9,597.0,486.3,,,,71.0,,0.3,0.04,1.1,0.0,100.0
NP011,Shrimp paste (terasi or belacan),KZGPI-1990,4.12. BUMBU,composite,82,33.8,155,22.3,2.9,9.9,2.7,31.1,3812.0,726.0,78.5,1664.0,821.4,0.99,2.4,,0.0,0.0,0.24,0.0,3.3,0.0,100.0
NP012,Dobo shrimp paste,KZGMI-2001,4.12. BUMBU,composite,82,58.4,191,33.1,3.6,6.6,1.6,11.5,2250.0,1130.0,22.9,650.0,1260.0,2.9,5.0,,0.0,,3.74,0.22,2.0,,100.0
NP013,Red shrimp paste,DABM-1964 PANGAN,4.12. BUMBU,composite,82,40.0,174,30.0,3.5,5.6,2.2,20.4,100.0,150.0,3.1,7850.0,302.8,0.49,1.2,,0.0,0.0,0.0,0.12,1.7,0.0,100.0
QR001,"Young coconut water, fresh",DABM-1964,4.13. MINUMAN,,83,95.0,16,0.1,0.4,3.0,0.0,0.4,15.0,8.0,0.2,1.0,149.0,0.04,0.1,0.0,0.0,,0.0,0.0,0.0,1.0,100.0
